"","Country","Year","Total.Area.Million.KM","Total.Population.Million","GDP.Billions","Foreign.Direct.Investment.Millions","Broad.Money","GDP.Growth","GDP.PerCapita.Growth","GDP.PerCapita","GINI"
"1","Australia","1960",NA,10.276,18.578,NA,NA,NA,NA,1807.786,NA
"2","Australia","1961",7.741,10.483,19.654,NA,4.76,2.486,0.467,1874.839,NA
"3","Australia","1962",7.741,10.742,19.892,NA,7.919,1.296,-1.147,1851.842,NA
"4","Australia","1963",7.741,10.95,21.507,NA,10.459,6.215,4.197,1964.15,NA
"5","Australia","1964",7.741,11.167,23.764,NA,11.586,6.978,4.9,2128.068,NA
"6","Australia","1965",7.741,11.388,25.938,NA,5.16,5.983,3.927,2277.657,NA
"7","Australia","1966",7.741,11.651,27.268,NA,7.756,2.383,0.071,2340.439,NA
"8","Australia","1967",7.741,11.799,30.398,NA,9.006,6.303,4.969,2576.285,NA
"9","Australia","1968",7.741,12.009,32.665,NA,7.034,5.096,3.258,2720.083,NA
"10","Australia","1969",7.741,12.263,36.629,NA,9.527,7.045,4.827,2986.95,NA
"11","Australia","1970",7.741,12.507,41.271,898.24,5.116,7.172,5.081,3299.843,NA
"12","Australia","1971",7.741,12.937,45.15,1148.861,8.711,4.004,0.547,3489.952,NA
"13","Australia","1972",7.741,13.177,51.967,1053.514,19.681,3.913,2.02,3943.788,NA
"14","Australia","1973",7.741,13.38,63.739,147.282,21.307,2.614,1.057,4763.724,NA
"15","Australia","1974",7.741,13.723,88.831,1332.157,9.158,4.103,1.501,6473.165,NA
"16","Australia","1975",7.741,13.893,97.172,455.089,20.559,1.35,0.11,6994.308,NA
"17","Australia","1976",7.741,14.033,104.921,1042.694,12.229,2.588,1.564,7476.749,NA
"18","Australia","1977",7.741,14.192,110.202,1139.121,5.921,3.597,2.437,7765.071,NA
"19","Australia","1978",7.741,14.358,118.34,1677.596,10.49,0.897,-0.27,8242.076,NA
"20","Australia","1979",7.741,14.514,134.712,1488.339,11.609,4.043,2.925,9281.523,NA
"21","Australia","1980",7.741,14.692,149.776,1869.829,14.015,3.034,1.786,10194.395,NA
"22","Australia","1981",7.741,14.927,176.643,2346.769,9.885,3.338,1.711,11833.821,31.3
"23","Australia","1982",7.741,15.178,193.771,2363.11,10.595,3.329,1.62,12766.595,NA
"24","Australia","1983",7.741,15.369,177.03,2985.134,13.236,-2.221,-3.436,11518.669,NA
"25","Australia","1984",7.741,15.544,193.242,374.592,11.735,4.581,3.404,12431.946,NA
"26","Australia","1985",7.741,15.758,180.235,2062.591,17.915,5.249,3.82,11437.713,32.5
"27","Australia","1986",7.741,16.018,182.038,5336.006,9.563,4.037,2.345,11364.327,NA
"28","Australia","1987",7.741,16.264,189.059,5263.504,16.028,2.556,1.007,11624.458,NA
"29","Australia","1988",7.741,16.532,235.661,7376.945,17.914,5.738,4.022,14254.646,NA
"30","Australia","1989",7.741,16.814,299.264,7259.411,31.016,3.87,2.126,17798.072,33.2
"31","Australia","1990",7.741,17.065,310.775,8110.892,12.758,3.569,2.047,18211.139,NA
"32","Australia","1991",7.741,17.284,325.306,4312.358,1.182,-0.396,-1.658,18821.25,NA
"33","Australia","1992",7.741,17.495,324.873,5699.134,7.379,0.413,-0.798,18569.505,NA
"34","Australia","1993",7.741,17.667,311.539,4318.356,5.727,4.029,3.017,17633.978,NA
"35","Australia","1994",7.741,17.855,322.209,5000.721,9.959,3.981,2.886,18045.865,NA
"36","Australia","1995",7.741,18.072,367.216,12026.426,8.518,3.834,2.588,20319.631,32.6
"37","Australia","1996",7.741,18.311,400.303,6181.381,10.649,3.879,2.523,21861.326,NA
"38","Australia","1997",7.741,18.517,434.568,7631.273,7.311,3.966,2.81,23468.597,NA
"39","Australia","1998",7.741,18.711,398.899,5956.935,8.43,4.577,3.492,21318.964,NA
"40","Australia","1999",7.741,18.926,388.608,3311.039,11.704,5.074,3.88,20533.035,NA
"41","Australia","2000",7.741,19.153,415.223,14892.978,3.74,3.933,2.701,21679.248,NA
"42","Australia","2001",7.741,19.413,378.376,10717.133,10.931,1.931,0.566,19490.861,33.5
"43","Australia","2002",7.741,19.651,394.649,14656.322,7.036,4.001,2.74,20082.483,NA
"44","Australia","2003",7.741,19.895,466.488,8985.246,12.763,2.986,1.723,23447.031,33.5
"45","Australia","2004",7.741,20.127,612.49,42907.673,11.418,4.056,2.856,30430.676,33.1
"46","Australia","2005",7.741,20.395,693.408,-25093.141,8.501,3.204,1.851,33999.243,NA
"47","Australia","2006",7.741,20.698,746.054,30551.101,15.063,2.795,1.289,36044.923,NA
"48","Australia","2007",7.741,20.828,853.1,44440.09,18.233,3.844,3.198,40960.054,NA
"49","Australia","2008",7.741,21.249,1053.996,45160.024,17.005,3.658,1.601,49601.657,35.4
"50","Australia","2009",7.741,21.692,927.805,28683.266,3.208,1.937,-0.143,42772.359,NA
"51","Australia","2010",7.741,22.032,1146.138,35210.734,10.131,2.068,0.492,52022.126,34.7
"52","Australia","2011",7.741,22.34,1396.65,65554.891,7.968,2.463,1.049,62517.834,NA
"53","Australia","2012",7.741,22.733,1546.152,57550.427,7.348,3.901,2.103,68012.148,NA
"54","Australia","2013",7.741,23.128,1576.184,53997.299,6.747,2.616,0.865,68150.107,NA
"55","Australia","2014",7.741,23.476,1467.484,63195.483,7.033,2.569,1.05,62510.791,35.8
"56","Australia","2015",7.741,23.816,1351.52,45051.418,5.984,2.336,0.874,56748.42,NA
"57","Australia","2016",7.741,24.191,1210.028,39225.714,6.666,2.847,1.253,50019.968,NA
"58","Australia","2017",7.741,24.602,1330.803,43394.831,4.522,2.343,0.633,54093.602,NA
"59","Australia","2018",7.741,24.992,1432.195,60951.066,2.374,2.835,1.228,57305.299,NA
"60","Brazil","1960",NA,72.179,15.166,NA,NA,NA,NA,210.11,NA
"61","Brazil","1961",8.516,74.311,15.237,NA,45.702,10.276,7.112,205.041,NA
"62","Brazil","1962",8.516,76.514,19.926,NA,63.127,5.216,2.187,260.426,NA
"63","Brazil","1963",8.516,78.773,23.021,NA,64.376,0.875,-2.017,292.252,NA
"64","Brazil","1964",8.516,81.065,21.212,NA,78.511,3.486,0.56,261.667,NA
"65","Brazil","1965",8.516,83.374,21.79,NA,73.665,3.053,0.2,261.354,NA
"66","Brazil","1966",8.516,85.697,27.063,NA,21.079,4.15,1.327,315.797,NA
"67","Brazil","1967",8.516,88.036,30.592,NA,51.71,4.915,2.127,347.493,NA
"68","Brazil","1968",8.516,90.387,33.876,NA,43.525,11.427,8.529,374.787,NA
"69","Brazil","1969",8.516,92.747,37.459,NA,31.438,9.736,6.944,403.884,NA
"70","Brazil","1970",8.516,95.113,42.328,NA,28.735,8.77,6.063,445.023,NA
"71","Brazil","1971",8.516,97.483,49.204,NA,37.883,11.295,8.59,504.75,NA
"72","Brazil","1972",8.516,99.859,58.539,NA,25,12.053,9.386,586.214,NA
"73","Brazil","1973",8.516,102.259,79.279,NA,43.077,13.979,11.304,775.273,NA
"74","Brazil","1974",8.516,104.706,105.136,NA,35.484,9.042,6.494,1004.105,NA
"75","Brazil","1975",8.516,107.216,123.709,1302,42.857,5.209,2.746,1153.831,NA
"76","Brazil","1976",8.516,109.791,152.678,1555,38.889,9.79,7.216,1390.625,NA
"77","Brazil","1977",8.516,112.425,176.171,1833,44.8,4.606,2.155,1567.006,NA
"78","Brazil","1978",8.516,115.121,200.801,2006,45.58,3.232,0.814,1744.257,NA
"79","Brazil","1979",8.516,117.878,224.969,2419,73.055,6.766,4.269,1908.488,NA
"80","Brazil","1980",8.516,120.694,235.025,1911,61.404,9.111,6.566,1947.276,NA
"81","Brazil","1981",8.516,123.57,263.561,2520,88.111,-4.393,-6.619,2132.883,58
"82","Brazil","1982",8.516,126.498,281.682,2910,84.038,0.58,-1.748,2226.767,58.4
"83","Brazil","1983",8.516,129.449,203.305,1609,135.812,-3.41,-5.611,1570.54,59
"84","Brazil","1984",8.516,132.384,209.024,1594,270.126,5.269,2.935,1578.926,58.4
"85","Brazil","1985",8.516,135.274,222.943,1441,322.467,7.946,5.639,1648.082,55.6
"86","Brazil","1986",8.516,138.109,268.137,345,289.212,7.988,5.772,1941.491,58.5
"87","Brazil","1987",8.516,140.892,294.084,1169,213.668,3.6,1.553,2087.308,59.7
"88","Brazil","1988",8.516,143.628,330.397,2804,2732.951,-0.103,-2.006,2300.377,61.4
"89","Brazil","1989",8.516,146.328,425.595,1131,1904.889,3.279,1.373,2908.496,63.3
"90","Brazil","1990",8.516,149.003,461.952,989,640.869,-3.102,-4.842,3100.28,60.5
"91","Brazil","1991",8.516,151.648,602.86,1103,501.617,1.512,-0.258,3975.39,NA
"92","Brazil","1992",8.516,154.259,400.599,2061,1749.383,-0.467,-2.152,2596.92,53.2
"93","Brazil","1993",8.516,156.849,437.799,1292,3280.653,4.665,2.937,2791.209,60.1
"94","Brazil","1994",8.516,159.433,558.112,3072,1102.383,5.335,3.628,3500.611,NA
"95","Brazil","1995",8.516,162.02,769.305,4859,44.302,4.417,2.749,4748.216,59.6
"96","Brazil","1996",8.516,164.615,850.426,11200,31.035,2.208,0.596,5166.164,59.9
"97","Brazil","1997",8.516,167.209,883.2,19650,17.243,3.395,1.791,5282.009,59.8
"98","Brazil","1998",8.516,169.785,863.723,31913,12.019,0.338,-1.184,5087.152,59.6
"99","Brazil","1999",8.516,172.319,599.389,28576,18.115,0.468,-1.009,3478.373,59
"100","Brazil","2000",8.516,174.79,655.421,32994.719,19.705,4.388,2.912,3749.753,NA
"101","Brazil","2001",8.516,177.196,559.372,23225.846,38.408,1.39,0.013,3156.799,58.4
"102","Brazil","2002",8.516,179.538,507.962,16586.6,6.144,3.053,1.709,2829.283,58.1
"103","Brazil","2003",8.516,181.809,558.32,10123.014,18.584,1.141,-0.123,3070.91,57.6
"104","Brazil","2004",8.516,184.006,669.317,18181.191,13.567,5.76,4.497,3637.462,56.5
"105","Brazil","2005",8.516,186.127,891.63,15459.982,18.352,3.202,2.026,4790.437,56.3
"106","Brazil","2006",8.516,188.167,1107.64,19378.093,16.758,3.962,2.835,5886.464,55.6
"107","Brazil","2007",8.516,190.13,1397.084,44579.492,22.02,6.07,4.975,7348.031,54.9
"108","Brazil","2008",8.516,192.03,1695.825,50716.403,17.882,5.094,4.054,8831.023,54
"109","Brazil","2009",8.516,193.887,1667.02,31480.932,15.695,-0.126,-1.082,8597.915,53.7
"110","Brazil","2010",8.516,195.714,2208.872,82389.934,13.719,7.528,6.524,11286.243,NA
"111","Brazil","2011",8.516,197.515,2616.202,102427.23,16.578,3.974,3.026,13245.616,52.9
"112","Brazil","2012",8.516,199.287,2465.189,92568.379,13.207,1.921,1.015,12370.024,52.7
"113","Brazil","2013",8.516,201.036,2472.806,75211.028,10.138,3.005,2.109,12300.323,52.8
"114","Brazil","2014",8.516,202.764,2455.994,87713.988,12.912,0.504,-0.352,12112.59,51.5
"115","Brazil","2015",8.516,204.472,1802.214,60334.051,11.559,-3.546,-4.351,8814.001,51.3
"116","Brazil","2016",8.516,206.163,1796.275,73377.909,11.391,-3.305,-4.099,8712.887,53.7
"117","Brazil","2017",8.516,207.834,2053.595,70257.76,4.19,1.064,0.251,9880.947,53.3
"118","Brazil","2018",8.516,209.469,1868.626,88324.15,7.104,1.118,0.328,8920.762,NA
"119","Canada","1960",NA,17.909,NA,NA,NA,NA,NA,NA,NA
"120","Canada","1961",9.985,18.271,41.556,NA,8.471,NA,NA,2274.423,NA
"121","Canada","1962",9.985,18.614,42.868,NA,2.853,7.425,5.446,2303.003,NA
"122","Canada","1963",9.985,18.964,45.713,NA,11.618,5.35,3.405,2410.523,NA
"123","Canada","1964",9.985,19.325,50.127,NA,9.939,6.643,4.651,2593.875,NA
"124","Canada","1965",9.985,19.678,55.342,NA,10.271,6.317,4.41,2812.392,NA
"125","Canada","1966",9.985,20.048,62.015,NA,28.754,6.705,4.736,3093.335,NA
"126","Canada","1967",9.985,20.412,66.665,NA,14.653,3.091,1.253,3265.968,NA
"127","Canada","1968",9.985,20.744,72.92,NA,14.101,4.996,3.315,3515.212,NA
"128","Canada","1969",9.985,21.028,80.349,NA,8.464,5.045,3.627,3821.057,NA
"129","Canada","1970",9.985,21.324,87.896,1826.057,9.716,2.864,1.437,4121.933,NA
"130","Canada","1971",9.985,21.962,99.272,2273.36,9.996,3.97,0.95,4520.163,NA
"131","Canada","1972",9.985,22.218,113.083,2112.292,14.506,5.51,4.292,5089.588,NA
"132","Canada","1973",9.985,22.492,131.322,3184.591,21.15,6.836,5.538,5838.661,NA
"133","Canada","1974",9.985,22.808,160.409,3723.476,19.075,3.28,1.849,7033.011,NA
"134","Canada","1975",9.985,23.143,173.834,3386.185,15.879,1.461,-0.009,7511.211,NA
"135","Canada","1976",9.985,23.45,206.576,2450.735,18.268,5.879,4.495,8809.265,NA
"136","Canada","1977",9.985,23.726,211.612,3371.801,14.748,3.438,2.235,8919.057,NA
"137","Canada","1978",9.985,23.963,218.633,3740.151,16.798,3.684,2.657,9123.691,NA
"138","Canada","1979",9.985,24.202,243.072,5307.736,17.847,3.711,2.69,10043.661,NA
"139","Canada","1980",9.985,24.516,273.854,5813.314,12.112,2.156,0.847,11170.564,NA
"140","Canada","1981",9.985,24.82,306.215,663.718,29.646,3.478,2.209,12337.466,32.4
"141","Canada","1982",9.985,25.117,313.507,90.047,5.955,-3.188,-4.333,12481.875,NA
"142","Canada","1983",9.985,25.366,340.548,1999.496,2.4,2.601,1.592,13425.122,NA
"143","Canada","1984",9.985,25.607,355.373,4753.734,7.459,5.909,4.914,13877.917,NA
"144","Canada","1985",9.985,25.842,364.756,1356.651,7.177,4.738,3.785,14114.808,NA
"145","Canada","1986",9.985,26.1,377.438,2848.502,8.591,2.144,1.133,14461.069,NA
"146","Canada","1987",9.985,26.447,431.317,8114.665,8.502,4.072,2.709,16308.967,31.5
"147","Canada","1988",9.985,26.792,507.354,6071.142,12.233,4.41,3.065,18936.964,NA
"148","Canada","1989",9.985,27.277,565.056,6026.74,13.391,2.317,0.498,20715.631,NA
"149","Canada","1990",9.985,27.691,593.93,7580.602,8.093,0.164,-1.335,21448.362,NA
"150","Canada","1991",9.985,28.037,610.328,2874.387,3.883,-2.086,-3.295,21768.343,31
"151","Canada","1992",9.985,28.371,592.388,4776.795,6.401,0.901,-0.287,20879.848,NA
"152","Canada","1993",9.985,28.685,577.171,4748.859,1.905,2.661,1.539,20121.161,NA
"153","Canada","1994",9.985,29.001,578.139,8223.76,4.631,4.495,3.356,19935.381,31.3
"154","Canada","1995",9.985,29.302,604.032,9319.143,4.83,2.692,1.635,20613.788,NA
"155","Canada","1996",9.985,29.61,628.546,9635.109,4.045,1.619,0.562,21227.348,NA
"156","Canada","1997",9.985,29.906,652.824,11522.842,4.372,4.28,3.248,21829.233,31.6
"157","Canada","1998",9.985,30.155,631.813,22742.494,2.421,3.898,3.04,20952.069,33.2
"158","Canada","1999",9.985,30.401,676.084,24788.756,5.362,5.161,4.31,22238.665,NA
"159","Canada","2000",9.985,30.686,742.295,68303.351,6.623,5.179,4.204,24190.25,33.3
"160","Canada","2001",9.985,31.021,736.38,28391.099,125.031,1.789,0.689,23738.181,NA
"161","Canada","2002",9.985,31.36,757.951,24486.425,2.656,3.017,1.903,24169.285,NA
"162","Canada","2003",9.985,31.644,892.382,7011.793,0.511,1.801,0.887,28200.658,NA
"163","Canada","2004",9.985,31.941,1023.197,1452.417,5.463,3.087,2.13,32034.308,33.7
"164","Canada","2005",9.985,32.244,1169.358,25552.227,9.645,3.203,2.233,36266.187,NA
"165","Canada","2006",9.985,32.571,1315.415,64302.303,12.479,2.635,1.603,40385.87,NA
"166","Canada","2007",9.985,32.889,1464.977,120451.485,-25.551,2.073,1.086,44543.041,33.8
"167","Canada","2008",9.985,33.247,1549.131,70119.614,14.922,1.008,-0.08,46594.451,NA
"168","Canada","2009",9.985,33.629,1371.153,20951.09,NA,-2.928,-4.03,40773.062,NA
"169","Canada","2010",9.985,34.005,1613.543,29714.744,NA,3.089,1.95,47450.318,33.6
"170","Canada","2011",9.985,34.339,1789.141,38338.33,NA,3.147,2.142,52101.796,NA
"171","Canada","2012",9.985,34.714,1823.967,49368.985,NA,1.762,0.663,52542.347,NA
"172","Canada","2013",9.985,35.083,1842.018,67027.867,NA,2.33,1.255,52504.656,34
"173","Canada","2014",9.985,35.437,1801.48,64174.606,NA,2.868,1.839,50835.511,NA
"174","Canada","2015",9.985,35.703,1552.9,59986.208,NA,0.69,-0.059,43495.054,NA
"175","Canada","2016",9.985,36.109,1526.706,34063.414,NA,1.107,-0.031,42279.901,NA
"176","Canada","2017",9.985,36.54,1646.867,27812.25,NA,2.979,1.765,45069.927,NA
"177","Canada","2018",9.985,37.059,1712.51,45416.294,NA,1.879,0.453,46210.548,NA
"178","Switzerland","1960",NA,5.328,9.523,NA,NA,NA,NA,1787.36,NA
"179","Switzerland","1961",0.041,5.434,10.713,NA,10.312,NA,NA,1971.316,NA
"180","Switzerland","1962",0.041,5.574,11.88,NA,13.783,NA,NA,2131.392,NA
"181","Switzerland","1963",0.041,5.694,13.064,NA,8.838,NA,NA,2294.183,NA
"182","Switzerland","1964",0.041,5.789,14.481,NA,11.883,NA,NA,2501.293,NA
"183","Switzerland","1965",0.041,5.856,15.347,NA,6.946,NA,NA,2620.476,NA
"184","Switzerland","1966",0.041,5.918,16.48,NA,7.407,NA,NA,2784.734,NA
"185","Switzerland","1967",0.041,5.992,17.74,NA,7.882,NA,NA,2960.723,NA
"186","Switzerland","1968",0.041,6.068,18.943,NA,11.974,NA,NA,3121.889,NA
"187","Switzerland","1969",0.041,6.136,20.525,NA,14.234,NA,NA,3344.784,NA
"188","Switzerland","1970",0.041,6.181,NA,NA,10.268,NA,NA,NA,NA
"189","Switzerland","1971",0.041,6.213,NA,NA,10.997,4.075,3.531,NA,NA
"190","Switzerland","1972",0.041,6.261,NA,NA,10.565,3.201,2.417,NA,NA
"191","Switzerland","1973",0.041,6.307,NA,NA,5.18,3.05,2.292,NA,NA
"192","Switzerland","1974",0.041,6.341,NA,NA,-17.051,1.455,0.91,NA,NA
"193","Switzerland","1975",0.041,6.339,NA,NA,7.525,-7.283,-7.243,NA,NA
"194","Switzerland","1976",0.041,6.303,NA,NA,9.013,-1.404,-0.838,NA,NA
"195","Switzerland","1977",0.041,6.281,NA,NA,6.754,2.434,2.782,NA,NA
"196","Switzerland","1978",0.041,6.282,NA,NA,11.284,0.409,0.4,NA,NA
"197","Switzerland","1979",0.041,6.294,NA,NA,9.517,2.492,2.286,NA,NA
"198","Switzerland","1980",0.041,6.319,119.008,NA,0.48,4.602,4.187,18832.197,NA
"199","Switzerland","1981",0.041,6.354,108.994,NA,8.378,1.601,1.047,17153.401,NA
"200","Switzerland","1982",0.041,6.391,111.711,NA,18.582,-1.309,-1.884,17478.656,NA
"201","Switzerland","1983",0.041,6.419,111.314,642.644,3.888,0.639,0.208,17341.995,NA
"202","Switzerland","1984",0.041,6.442,106.285,777.126,13.765,3.008,2.639,16499.147,NA
"203","Switzerland","1985",0.041,6.47,107.766,1267.335,4.171,3.674,3.217,16655.337,NA
"204","Switzerland","1986",0.041,6.504,154.482,2122.388,3.334,1.859,1.33,23751.45,NA
"205","Switzerland","1987",0.041,6.545,193.466,2320.292,10.57,1.585,0.949,29558.895,NA
"206","Switzerland","1988",0.041,6.593,209.298,405.248,5.425,3.278,2.521,31743.653,NA
"207","Switzerland","1989",0.041,6.647,202.079,2497.18,6.283,4.331,3.491,30401.892,NA
"208","Switzerland","1990",0.041,6.716,258.067,5544.796,0.835,3.675,2.615,38428.386,NA
"209","Switzerland","1991",0.041,6.8,261.114,2838.789,2.331,-0.916,-2.146,38399.211,NA
"210","Switzerland","1992",0.041,6.875,271.814,1128.488,2.597,-0.044,-1.14,39534.542,NA
"211","Switzerland","1993",0.041,6.938,264.353,1706.938,8.898,-0.126,-1.031,38100.737,NA
"212","Switzerland","1994",0.041,6.994,292.647,3682.699,4.156,1.27,0.466,41843.757,NA
"213","Switzerland","1995",0.041,7.041,342.617,4158.248,4.606,0.481,-0.188,48662.44,NA
"214","Switzerland","1996",0.041,7.072,330.092,4372.942,9.567,0.54,0.097,46676.851,NA
"215","Switzerland","1997",0.041,7.089,286.519,7306.214,6.624,2.34,2.094,40417.962,NA
"216","Switzerland","1998",0.041,7.11,295.045,9649.104,5.098,2.99,2.684,41497.203,NA
"217","Switzerland","1999",0.041,7.144,289.912,12426.006,13.28,1.695,1.211,40581.307,NA
"218","Switzerland","2000",0.041,7.184,272.055,23080.88,-16.931,3.937,3.354,37868.323,NA
"219","Switzerland","2001",0.041,7.23,278.631,9765.013,3.913,1.312,0.673,38538.99,NA
"220","Switzerland","2002",0.041,7.285,301.417,8258.051,5.732,0.163,-0.592,41376.394,NA
"221","Switzerland","2003",0.041,7.339,352.915,19721.054,8.359,0.04,-0.7,48087.583,NA
"222","Switzerland","2004",0.041,7.39,394.164,7102.294,2.85,2.776,2.072,53340.148,NA
"223","Switzerland","2005",0.041,7.437,408.689,2664.911,6.888,3.115,2.457,54952.674,NA
"224","Switzerland","2006",0.041,7.484,430.921,53760.773,4.606,3.989,3.338,57579.502,33.9
"225","Switzerland","2007",0.041,7.551,479.913,48688.297,3.329,4.112,3.186,63555.237,34.3
"226","Switzerland","2008",0.041,7.648,554.363,2990.937,4.019,2.155,0.865,72487.846,33.8
"227","Switzerland","2009",0.041,7.744,541.507,47658.57,7.606,-2.222,-3.436,69927.469,32.9
"228","Switzerland","2010",0.041,7.825,583.783,17670.736,5.501,3.003,1.935,74605.721,32.6
"229","Switzerland","2011",0.041,7.912,699.58,20764.484,11.229,1.693,0.568,88415.628,31.7
"230","Switzerland","2012",0.041,7.997,668.044,39943.494,13.005,1.006,-0.061,83538.23,31.6
"231","Switzerland","2013",0.041,8.089,688.504,-24926.466,4.076,1.852,0.688,85112.464,32.5
"232","Switzerland","2014",0.041,8.189,709.183,21003.092,4.57,2.449,1.207,86605.563,32.5
"233","Switzerland","2015",0.041,8.282,679.832,114407.461,0.079,1.333,0.186,82081.597,32.3
"234","Switzerland","2016",0.041,8.373,670.181,72394.83,3.307,1.601,0.498,80037.503,NA
"235","Switzerland","2017",0.041,8.452,678.965,68288.266,NA,1.617,0.673,80333.445,NA
"236","Switzerland","2018",0.041,8.517,705.501,-67677.224,NA,2.54,1.761,82838.929,NA
"237","China","1960",NA,667.07,59.716,NA,NA,NA,NA,89.521,NA
"238","China","1961",9.563,660.33,50.057,NA,NA,-27.27,-26.528,75.806,NA
"239","China","1962",9.563,665.77,47.209,NA,NA,-5.58,-6.352,70.909,NA
"240","China","1963",9.563,682.335,50.707,NA,NA,10.3,7.622,74.314,NA
"241","China","1964",9.563,698.355,59.708,NA,NA,18.18,15.469,85.499,NA
"242","China","1965",9.563,715.185,70.436,NA,NA,16.95,14.198,98.487,NA
"243","China","1966",9.563,735.4,76.72,NA,NA,10.65,7.608,104.325,NA
"244","China","1967",9.563,754.55,72.882,NA,NA,-5.77,-8.161,96.59,NA
"245","China","1968",9.563,774.51,70.847,NA,NA,-4.1,-6.571,91.473,NA
"246","China","1969",9.563,796.025,79.706,NA,NA,16.94,13.779,100.13,NA
"247","China","1970",9.563,818.315,92.603,NA,NA,19.3,16.05,113.163,NA
"248","China","1971",9.563,841.105,99.801,NA,NA,7.06,4.159,118.655,NA
"249","China","1972",9.563,862.03,113.688,NA,NA,3.81,1.29,131.884,NA
"250","China","1973",9.563,881.94,138.544,NA,NA,7.76,5.327,157.09,NA
"251","China","1974",9.563,900.35,144.182,NA,NA,2.31,0.218,160.14,NA
"252","China","1975",9.563,916.395,163.432,NA,NA,8.72,6.816,178.342,NA
"253","China","1976",9.563,930.685,153.94,NA,NA,-1.57,-3.081,165.406,NA
"254","China","1977",9.563,943.455,174.938,NA,NA,7.57,6.114,185.423,NA
"255","China","1978",9.563,956.165,149.541,NA,3.646,11.134,9.657,156.396,NA
"256","China","1979",9.563,969.005,178.281,NA,49.241,7.6,6.174,183.983,NA
"257","China","1980",9.563,981.235,191.149,NA,25.855,7.807,6.463,194.805,NA
"258","China","1981",9.563,993.885,195.866,NA,18.347,5.172,3.834,197.071,NA
"259","China","1982",9.563,1008.63,205.09,430,14.562,8.934,7.342,203.335,NA
"260","China","1983",9.563,1023.31,230.687,636,19.733,10.835,9.245,225.432,NA
"261","China","1984",9.563,1036.825,259.947,1258,32.649,15.139,13.638,250.714,NA
"262","China","1985",9.563,1051.04,309.488,1659,35.47,13.443,11.909,294.459,NA
"263","China","1986",9.563,1066.79,300.758,1875,30.23,8.94,7.331,281.928,NA
"264","China","1987",9.563,1084.035,272.973,2314,25.341,11.689,9.912,251.812,NA
"265","China","1988",9.563,1101.63,312.354,3194,20.669,11.235,9.458,283.538,NA
"266","China","1989",9.563,1118.65,347.768,3393,18.652,4.186,2.601,310.882,NA
"267","China","1990",9.563,1135.185,360.858,3487,28.867,3.907,2.394,317.885,32.2
"268","China","1991",9.563,1150.78,383.373,4366,26.679,9.294,7.813,333.142,NA
"269","China","1992",9.563,1164.97,426.916,11156,30.8,14.216,12.825,366.461,NA
"270","China","1993",9.563,1178.44,444.731,27515,46.67,13.868,12.566,377.39,NA
"271","China","1994",9.563,1191.835,564.325,33787,31.5,13.052,11.782,473.492,NA
"272","China","1995",9.563,1204.855,734.548,35849.2,29.461,10.949,9.75,609.657,NA
"273","China","1996",9.563,1217.55,863.747,40180,25.273,9.928,8.782,709.414,35.2
"274","China","1997",9.563,1230.075,961.604,44237,20.727,9.231,8.119,781.744,NA
"275","China","1998",9.563,1241.935,1029.043,43751,14.904,7.838,6.808,828.58,NA
"276","China","1999",9.563,1252.735,1093.997,38753,14.666,7.667,6.739,873.287,38.7
"277","China","2000",9.563,1262.645,1211.347,42095.3,12.325,8.492,7.64,959.372,NA
"278","China","2001",9.563,1271.85,1339.396,47053,15.042,8.34,7.556,1053.108,NA
"279","China","2002",9.563,1280.4,1470.55,53073.619,13.14,9.131,8.402,1148.508,42
"280","China","2003",9.563,1288.4,1660.288,57900.937,19.24,10.036,9.352,1288.643,NA
"281","China","2004",9.563,1296.075,1955.347,68117.272,14.887,10.111,9.459,1508.668,NA
"282","China","2005",9.563,1303.72,2285.966,104108.694,16.742,11.396,10.743,1753.418,40.9
"283","China","2006",9.563,1311.02,2752.132,124082.036,22.116,12.719,12.092,2099.229,NA
"284","China","2007",9.563,1317.885,3550.342,156249.335,16.736,14.231,13.636,2693.97,NA
"285","China","2008",9.563,1324.655,4594.307,171534.65,17.778,9.654,9.094,3468.304,43
"286","China","2009",9.563,1331.26,5101.702,131057.053,28.423,9.4,8.857,3832.236,NA
"287","China","2010",9.563,1337.705,6087.165,243703.435,18.948,10.636,10.103,4550.454,43.7
"288","China","2011",9.563,1344.13,7551.5,280072.219,17.323,9.551,9.027,5618.132,42.4
"289","China","2012",9.563,1350.695,8532.231,241213.868,14.392,7.86,7.335,6316.919,42.2
"290","China","2013",9.563,1357.38,9570.406,290928.431,13.589,7.769,7.238,7050.646,39.7
"291","China","2014",9.563,1364.27,10438.529,268097.181,11.012,7.3,6.758,7651.366,39.2
"292","China","2015",9.563,1371.22,11015.542,242489.332,13.343,6.905,6.363,8033.388,38.6
"293","China","2016",9.563,1378.665,11137.946,174749.585,11.333,6.737,6.16,8078.79,NA
"294","China","2017",9.563,1386.395,12143.491,166083.756,8.11,6.757,6.162,8759.042,NA
"295","China","2018",9.563,1392.73,13608.152,203492.014,6.991,6.6,6.115,9770.847,NA
"296","Germany","1960",NA,72.815,NA,NA,NA,NA,NA,NA,NA
"297","Germany","1961",0.357,73.378,NA,NA,NA,NA,NA,NA,NA
"298","Germany","1962",0.357,74.026,NA,NA,NA,NA,NA,NA,NA
"299","Germany","1963",0.357,74.714,NA,NA,NA,NA,NA,NA,NA
"300","Germany","1964",0.357,75.318,NA,NA,NA,NA,NA,NA,NA
"301","Germany","1965",0.357,75.964,NA,NA,NA,NA,NA,NA,NA
"302","Germany","1966",0.357,76.6,NA,NA,NA,NA,NA,NA,NA
"303","Germany","1967",0.357,76.951,NA,NA,NA,NA,NA,NA,NA
"304","Germany","1968",0.357,77.294,NA,NA,NA,NA,NA,NA,NA
"305","Germany","1969",0.357,77.91,NA,NA,NA,NA,NA,NA,NA
"306","Germany","1970",0.357,78.169,215.022,NA,NA,NA,NA,2750.72,NA
"307","Germany","1971",0.357,78.313,249.039,1103.339,NA,3.133,2.944,3180.056,NA
"308","Germany","1972",0.357,78.688,298.667,1897.271,NA,4.3,3.802,3795.566,NA
"309","Germany","1973",0.357,78.937,396.867,2102.302,NA,4.777,4.448,5027.66,NA
"310","Germany","1974",0.357,78.967,443.619,2176.992,NA,0.89,0.851,5617.742,NA
"311","Germany","1975",0.357,78.674,488.78,690.497,NA,-0.867,-0.496,6212.763,NA
"312","Germany","1976",0.357,78.337,517.788,1321.37,NA,4.949,5.4,6609.753,NA
"313","Germany","1977",0.357,78.16,598.226,949.984,NA,3.347,3.581,7653.885,NA
"314","Germany","1978",0.357,78.092,737.668,1603.459,NA,3.008,3.098,9446.167,NA
"315","Germany","1979",0.357,78.126,878.011,1732.552,NA,4.15,4.104,11238.341,NA
"316","Germany","1980",0.357,78.289,946.695,342.426,NA,1.409,1.199,12092.382,NA
"317","Germany","1981",0.357,78.408,797.443,320,NA,0.529,0.376,10170.446,NA
"318","Germany","1982",0.357,78.333,773.638,760.703,NA,-0.395,-0.3,9876.228,NA
"319","Germany","1983",0.357,78.128,767.768,1724.037,NA,1.572,1.839,9827.022,NA
"320","Germany","1984",0.357,77.859,722.368,529.911,NA,2.823,3.179,9277.932,NA
"321","Germany","1985",0.357,77.685,729.763,821.452,NA,2.328,2.557,9393.892,NA
"322","Germany","1986",0.357,77.72,1042.301,2241.274,NA,2.287,2.241,13410.897,NA
"323","Germany","1987",0.357,77.84,1293.264,2118.622,NA,1.402,1.246,16614.41,NA
"324","Germany","1988",0.357,78.145,1395.932,1064.75,NA,3.707,3.303,17863.438,NA
"325","Germany","1989",0.357,78.751,1393.674,7013.826,NA,3.897,3.096,17697.164,NA
"326","Germany","1990",0.357,79.433,1764.968,3003.919,NA,5.255,4.352,22219.573,NA
"327","Germany","1991",0.357,80.014,1861.874,4748.284,NA,5.108,4.345,23269.382,29.2
"328","Germany","1992",0.357,80.625,2123.131,-2117.171,NA,1.924,1.152,26333.537,NA
"329","Germany","1993",0.357,81.156,2068.556,401.341,NA,-0.956,-1.605,25488.52,NA
"330","Germany","1994",0.357,81.438,2205.966,7290.396,NA,2.457,2.103,27087.558,29.2
"331","Germany","1995",0.357,81.678,2591.62,11985.48,NA,1.738,1.439,31729.7,29
"332","Germany","1996",0.357,81.915,2503.665,6429.189,NA,0.818,0.526,30564.248,NA
"333","Germany","1997",0.357,82.035,2218.689,12796.406,NA,1.849,1.7,27045.719,NA
"334","Germany","1998",0.357,82.047,2243.226,23635.84,NA,1.98,1.964,27340.673,28.3
"335","Germany","1999",0.357,82.1,2199.957,55906.671,NA,1.987,1.921,26795.991,NA
"336","Germany","2000",0.357,82.212,1949.954,247986.59,NA,2.962,2.823,23718.747,28.8
"337","Germany","2001",0.357,82.35,1950.649,56930.66,NA,1.695,1.525,23687.317,30.3
"338","Germany","2002",0.357,82.488,2079.136,51222.016,NA,0,-0.168,25205.164,30
"339","Germany","2003",0.357,82.534,2505.734,65348.359,NA,-0.71,-0.765,30359.952,30.3
"340","Germany","2004",0.357,82.516,2819.245,-20444.719,NA,1.17,1.192,34165.934,30.4
"341","Germany","2005",0.357,82.469,2861.41,59855.76,NA,0.707,0.764,34696.621,32.3
"342","Germany","2006",0.357,82.376,3002.446,87441.737,NA,3.7,3.817,36447.872,31.3
"343","Germany","2007",0.357,82.266,3439.953,50845.05,NA,3.261,3.399,41814.819,31.3
"344","Germany","2008",0.357,82.11,3752.366,30926.056,NA,1.082,1.275,45699.198,31.2
"345","Germany","2009",0.357,81.902,3418.005,56668.665,NA,-5.619,-5.379,41732.707,30.5
"346","Germany","2010",0.357,81.777,3417.095,86053.685,NA,4.08,4.24,41785.557,30.2
"347","Germany","2011",0.357,80.275,3757.698,97480.731,NA,3.66,5.599,46810.328,30.5
"348","Germany","2012",0.357,80.426,3543.984,65464.275,NA,0.492,0.304,44065.249,NA
"349","Germany","2013",0.357,80.646,3752.514,67407.575,NA,0.49,0.216,46530.911,31.1
"350","Germany","2014",0.357,80.983,3898.727,19778.357,NA,2.178,1.753,48142.827,NA
"351","Germany","2015",0.357,81.687,3381.389,62462.265,NA,1.739,0.862,41394.658,31.7
"352","Germany","2016",0.358,82.349,3495.163,62617.265,NA,2.242,1.42,42443.465,NA
"353","Germany","2017",0.358,82.657,3693.204,83415.034,NA,2.157,1.776,44681.083,NA
"354","Germany","2018",0.358,82.928,3996.759,105277.589,NA,1.425,1.094,48195.58,NA
"355","Spain","1960",NA,30.455,12.072,NA,NA,NA,NA,396.392,NA
"356","Spain","1961",0.506,30.739,13.834,NA,NA,11.839,10.804,450.053,NA
"357","Spain","1962",0.506,31.023,16.139,NA,NA,9.953,8.946,520.206,NA
"358","Spain","1963",0.506,31.297,19.075,NA,NA,9.596,8.639,609.487,NA
"359","Spain","1964",0.506,31.609,21.344,NA,NA,5.309,4.267,675.242,NA
"360","Spain","1965",0.506,31.954,24.757,NA,NA,6.253,5.106,774.762,NA
"361","Spain","1966",0.506,32.283,28.721,NA,NA,7.246,6.153,889.66,NA
"362","Spain","1967",0.506,32.683,31.647,NA,NA,4.34,3.064,968.307,NA
"363","Spain","1968",0.506,33.113,31.476,NA,NA,6.597,5.212,950.546,NA
"364","Spain","1969",0.506,33.441,36.039,NA,NA,8.907,7.839,1077.679,NA
"365","Spain","1970",0.506,33.815,40.882,222,NA,4.291,3.139,1208.997,NA
"366","Spain","1971",0.506,34.224,46.493,202,NA,4.649,3.396,1358.466,NA
"367","Spain","1972",0.506,34.604,58.972,268,NA,8.15,6.962,1704.167,NA
"368","Spain","1973",0.506,34.989,78.426,390,NA,7.788,6.604,2241.449,NA
"369","Spain","1974",0.506,35.373,97.01,358,NA,5.619,4.471,2742.456,NA
"370","Spain","1975",0.506,35.758,114.465,682.635,NA,0.542,-0.539,3201.119,NA
"371","Spain","1976",0.506,36.138,118.185,477.622,NA,3.304,2.218,3270.406,NA
"372","Spain","1977",0.506,36.512,132.09,607.675,NA,2.839,1.786,3617.738,NA
"373","Spain","1978",0.506,36.865,160.163,1178.156,NA,1.463,0.491,4344.607,NA
"374","Spain","1979",0.506,37.191,214.019,1396.81,NA,0.042,-0.837,5754.542,NA
"375","Spain","1980",0.506,37.491,232.135,1492.697,NA,2.209,1.391,6191.715,NA
"376","Spain","1981",0.506,37.759,202.257,1706.767,NA,-0.132,-0.84,5356.578,NA
"377","Spain","1982",0.506,37.986,195.464,1782.685,NA,1.246,0.64,5145.694,NA
"378","Spain","1983",0.506,38.172,170.487,1622.389,NA,1.77,1.276,4466.336,NA
"379","Spain","1984",0.506,38.33,171.635,1771.83,NA,1.785,1.363,4477.794,NA
"380","Spain","1985",0.506,38.47,180.302,1967.804,NA,2.321,1.951,4686.891,NA
"381","Spain","1986",0.506,38.585,250.638,3450.598,NA,3.253,2.945,6495.812,NA
"382","Spain","1987",0.506,38.685,317.882,4570.701,NA,5.547,5.274,8217.234,NA
"383","Spain","1988",0.506,38.767,375.139,7020.568,NA,5.094,4.872,9676.769,NA
"384","Spain","1989",0.506,38.828,413.631,8428.38,NA,4.827,4.663,10652.958,NA
"385","Spain","1990",0.506,38.867,535.101,13983.612,NA,3.781,3.676,13767.381,NA
"386","Spain","1991",0.506,38.966,575.599,12492.783,NA,2.546,2.285,14771.672,NA
"387","Spain","1992",0.506,39.158,629.202,13275.723,NA,0.929,0.436,16068.427,NA
"388","Spain","1993",0.506,39.361,523.649,9681.48,NA,-1.031,-1.543,13303.676,NA
"389","Spain","1994",0.506,39.549,529.122,9215.766,NA,2.383,1.897,13378.85,NA
"390","Spain","1995",0.506,39.724,612.94,8085.536,NA,2.757,2.305,15429.939,NA
"391","Spain","1996",0.506,39.89,640.998,9623.215,NA,2.675,2.248,16069.207,NA
"392","Spain","1997",0.506,40.057,588.692,8937.221,NA,3.69,3.256,14696.216,NA
"393","Spain","1998",0.506,40.224,617.042,14282.263,NA,4.306,3.875,15340.332,NA
"394","Spain","1999",0.506,40.387,633.194,18523.395,NA,4.485,4.062,15678.215,NA
"395","Spain","2000",0.505,40.568,595.403,40489.477,NA,5.289,4.819,14676.706,NA
"396","Spain","2001",0.505,40.85,625.976,28892.265,NA,4.001,3.282,15323.611,NA
"397","Spain","2002",0.505,41.432,705.146,39409.655,NA,2.88,1.437,17019.535,NA
"398","Spain","2003",0.505,42.188,906.853,30740.341,NA,3.188,1.338,21495.707,31.8
"399","Spain","2004",0.505,42.922,1069.556,25176.365,NA,3.167,1.402,24918.646,33.3
"400","Spain","2005",0.505,43.653,1157.276,26720.351,NA,3.723,1.985,26510.717,32.4
"401","Spain","2006",0.505,44.397,1264.551,32989.821,NA,4.174,2.428,28482.609,33.5
"402","Spain","2007",0.505,45.227,1479.342,73772.822,NA,3.769,1.866,32709.401,34.1
"403","Spain","2008",0.505,45.954,1635.015,79557.788,NA,1.118,-0.483,35579.31,34.2
"404","Spain","2009",0.505,46.363,1499.1,13478.74,NA,-3.574,-4.424,32334.005,34.9
"405","Spain","2010",0.506,46.577,1431.617,41020.054,NA,0.014,-0.445,30736.628,35.2
"406","Spain","2011",0.506,46.743,1488.067,31782.14,NA,-0.999,-1.35,31835.289,35.7
"407","Spain","2012",0.506,46.773,1336.019,24915.159,NA,-2.928,-2.991,28563.859,35.4
"408","Spain","2013",0.506,46.62,1361.854,52287.691,NA,-1.706,-1.383,29211.774,36.2
"409","Spain","2014",0.506,46.481,1376.911,34889.757,NA,1.38,1.684,29623.164,36.1
"410","Spain","2015",0.506,46.445,1199.084,25350.485,NA,3.645,3.725,25817.387,36.2
"411","Spain","2016",0.506,46.484,1237.499,39776.177,NA,3.173,3.087,26622.299,NA
"412","Spain","2017",0.506,46.593,1314.314,6203.743,NA,2.979,2.737,28208.261,NA
"413","Spain","2018",0.506,46.724,1426.189,44666.731,NA,2.582,2.295,30523.859,NA
"414","France","1960",NA,46.622,62.651,NA,NA,NA,NA,1343.827,NA
"415","France","1961",0.549,47.241,68.347,NA,NA,5.506,4.124,1446.781,NA
"416","France","1962",0.549,47.905,76.314,NA,NA,6.672,5.193,1593.027,NA
"417","France","1963",0.549,48.583,85.551,NA,NA,5.347,3.878,1760.941,NA
"418","France","1964",0.549,49.231,94.907,NA,NA,6.518,5.116,1927.797,NA
"419","France","1965",0.549,49.818,102.161,NA,NA,4.778,3.543,2050.675,NA
"420","France","1966",0.549,50.33,110.597,NA,NA,5.214,4.143,2197.435,NA
"421","France","1967",0.549,50.776,119.466,NA,NA,4.688,3.77,2352.817,NA
"422","France","1968",0.549,51.176,129.847,NA,NA,4.259,3.445,2537.29,NA
"423","France","1969",0.549,51.562,140.725,NA,NA,6.991,6.189,2729.257,NA
"424","France","1970",0.549,51.958,148.456,621.213,NA,5.012,4.212,2857.252,NA
"425","France","1971",0.549,52.371,165.967,525.656,NA,5.317,4.485,3169.035,NA
"426","France","1972",0.549,52.793,203.494,656.667,NA,4.511,3.676,3854.557,NA
"427","France","1973",0.549,53.208,264.43,1125.479,NA,6.345,5.516,4969.764,NA
"428","France","1974",0.549,53.592,285.552,1846.644,NA,4.301,3.553,5328.242,NA
"429","France","1975",0.549,53.931,360.832,1563.85,NA,-0.96,-1.583,6690.578,NA
"430","France","1976",0.549,54.22,372.319,977.423,NA,4.357,3.801,6866.818,NA
"431","France","1977",0.549,54.468,410.279,1896.159,NA,3.464,2.994,7532.528,NA
"432","France","1978",0.549,54.692,506.708,2471.468,NA,3.979,3.552,9264.778,NA
"433","France","1979",0.549,54.917,613.953,2588.309,NA,3.55,3.125,11179.631,NA
"434","France","1980",0.549,55.162,701.288,3282.773,NA,1.579,1.129,12713.361,NA
"435","France","1981",0.549,55.43,615.552,2469.632,NA,1.069,0.579,11104.978,NA
"436","France","1982",0.549,55.719,584.878,1585.299,NA,2.505,1.974,10496.93,NA
"437","France","1983",0.549,56.024,559.869,1725.671,NA,1.241,0.69,9993.422,NA
"438","France","1984",0.549,56.338,530.684,2397.989,NA,1.514,0.948,9419.698,NA
"439","France","1985",0.549,56.655,553.138,2595.493,NA,1.623,1.054,9763.329,NA
"440","France","1986",0.549,56.976,771.471,3255.871,NA,2.337,1.76,13540.247,NA
"441","France","1987",0.549,57.303,934.173,5139.717,NA,2.562,1.977,16302.441,NA
"442","France","1988",0.549,57.627,1018.847,8489.906,NA,4.743,4.153,17679.997,NA
"443","France","1989",0.549,57.94,1025.212,10303.925,NA,4.344,3.78,17694.305,NA
"444","France","1990",0.549,58.236,1269.18,13183.285,NA,2.924,2.402,21793.843,NA
"445","France","1991",0.549,58.559,1269.277,15152.742,NA,1.048,0.49,21675.064,NA
"446","France","1992",0.549,58.851,1401.466,21839.501,NA,1.599,1.095,23813.712,NA
"447","France","1993",0.549,59.107,1322.816,20754.044,NA,-0.629,-1.058,22380.104,NA
"448","France","1994",0.549,59.327,1393.983,15797.125,NA,2.358,1.978,23496.523,NA
"449","France","1995",0.549,59.542,1601.095,23736.301,NA,2.107,1.739,26890.22,NA
"450","France","1996",0.549,59.753,1605.675,21971.889,NA,1.413,1.055,26871.829,NA
"451","France","1997",0.549,59.965,1452.885,23047.925,NA,2.336,1.975,24228.942,NA
"452","France","1998",0.549,60.186,1503.109,29518.429,NA,3.589,3.208,24974.272,NA
"453","France","1999",0.549,60.497,1492.648,45986.859,NA,3.421,2.891,24673.199,NA
"454","France","2000",0.549,60.913,1362.249,41382.268,NA,3.924,3.214,22364.029,NA
"455","France","2001",0.549,61.357,1376.465,50126.615,NA,1.984,1.244,22433.556,NA
"456","France","2002",0.549,61.805,1494.287,51493.238,NA,1.136,0.403,24177.335,NA
"457","France","2003",0.549,62.245,1840.481,42324.929,NA,0.823,0.111,29568.386,31.4
"458","France","2004",0.549,62.705,2115.742,35581.202,NA,2.83,2.075,33741.265,30.6
"459","France","2005",0.549,63.179,2196.126,85179.16,NA,1.663,0.9,34760.188,29.8
"460","France","2006",0.549,63.621,2318.594,78945.705,NA,2.449,1.738,36443.623,29.7
"461","France","2007",0.549,64.016,2657.213,83780.962,NA,2.425,1.793,41508.434,32.4
"462","France","2008",0.549,64.375,2918.383,67999.195,NA,0.255,-0.304,45334.114,33
"463","France","2009",0.549,64.707,2690.222,18380.196,NA,-2.873,-3.372,41575.419,32.7
"464","France","2010",0.549,65.028,2642.61,38899.925,NA,1.949,1.447,40638.334,33.7
"465","France","2011",0.549,65.343,2861.408,44191.742,NA,2.193,1.7,43790.732,33.3
"466","France","2012",0.549,65.66,2683.825,32950.454,NA,0.313,-0.171,40874.704,33.1
"467","France","2013",0.549,65.999,2811.078,31589.26,NA,0.576,0.06,42592.934,32.5
"468","France","2014",0.549,66.316,2852.166,5809.581,NA,0.956,0.473,43008.647,32.3
"469","France","2015",0.549,66.593,2438.208,42803.255,NA,1.113,0.692,36613.375,32.7
"470","France","2016",0.549,66.86,2471.286,32795.665,NA,1.095,0.693,36962.222,NA
"471","France","2017",0.549,66.865,2586.285,37539.115,NA,2.26,2.252,38679.127,NA
"472","France","2018",0.549,66.987,2777.535,59849.224,NA,1.725,1.539,41463.644,NA
"473","United Kingdom","1960",NA,52.4,72.328,NA,NA,NA,NA,1380.306,NA
"474","United Kingdom","1961",0.244,52.8,76.694,NA,2.725,2.574,1.796,1452.545,NA
"475","United Kingdom","1962",0.244,53.25,80.602,NA,-2.074,1.328,0.472,1513.651,NA
"476","United Kingdom","1963",0.244,53.65,85.444,NA,8.776,3.956,3.181,1592.614,NA
"477","United Kingdom","1964",0.244,54,93.388,NA,5.455,5.038,4.357,1729.4,NA
"478","United Kingdom","1965",0.244,54.348,100.596,NA,7.559,2.789,2.131,1850.955,NA
"479","United Kingdom","1966",0.244,54.648,107.091,NA,3.587,2.049,1.488,1959.628,NA
"480","United Kingdom","1967",0.244,54.944,111.185,NA,10.763,2.311,1.761,2023.628,NA
"481","United Kingdom","1968",0.244,55.212,104.703,NA,7.177,3.985,3.48,1896.387,NA
"482","United Kingdom","1969",0.244,55.442,112.677,NA,3.112,2.052,1.629,2032.347,NA
"483","United Kingdom","1970",0.244,55.663,130.672,1487.999,9.433,6.057,5.635,2347.544,NA
"484","United Kingdom","1971",0.244,55.896,148.114,1771.224,13.211,3.484,3.053,2649.802,NA
"485","United Kingdom","1972",0.244,56.086,169.965,1207.963,27.901,4.302,3.949,3030.433,NA
"486","United Kingdom","1973",0.244,56.195,192.538,2722.732,27.537,6.509,6.303,3426.276,NA
"487","United Kingdom","1974",0.244,56.23,206.131,4373.743,12.932,-2.463,-2.525,3665.863,NA
"488","United Kingdom","1975",0.244,56.226,241.757,3318.536,7.139,-1.48,-1.473,4299.746,NA
"489","United Kingdom","1976",0.244,56.212,232.615,3006.208,11.571,2.909,2.935,4138.168,NA
"490","United Kingdom","1977",0.244,56.193,263.066,4426.546,9.486,2.443,2.477,4681.44,NA
"491","United Kingdom","1978",0.244,56.197,335.883,3787.371,14.568,4.202,4.197,5976.938,NA
"492","United Kingdom","1979",0.244,56.247,438.994,6469.481,12.487,3.742,3.649,7804.762,NA
"493","United Kingdom","1980",0.244,56.314,564.948,10122.844,18.467,-2.028,-2.145,10032.062,NA
"494","United Kingdom","1981",0.244,56.334,540.766,5879.376,25.175,-0.771,-0.806,9599.306,NA
"495","United Kingdom","1982",0.244,56.314,515.049,5413.26,13.655,2.01,2.047,9146.077,NA
"496","United Kingdom","1983",0.244,56.333,489.618,5178.782,10.261,4.222,4.186,8691.519,NA
"497","United Kingdom","1984",0.244,56.422,461.487,-347.323,11.507,2.276,2.115,8179.194,NA
"498","United Kingdom","1985",0.244,56.55,489.285,5476.473,11.245,4.196,3.959,8652.217,NA
"499","United Kingdom","1986",0.244,56.681,601.453,8569.622,22.563,3.141,2.902,10611.112,NA
"500","United Kingdom","1987",0.244,56.802,745.163,15921.475,89.331,5.301,5.077,13118.587,NA
"501","United Kingdom","1988",0.244,56.928,910.123,22567.507,16.672,5.758,5.524,15987.168,NA
"502","United Kingdom","1989",0.244,57.077,926.885,31650.104,20.126,2.569,2.302,16239.282,NA
"503","United Kingdom","1990",0.244,57.248,1093.169,33503.67,10.521,0.739,0.439,19095.467,NA
"504","United Kingdom","1991",0.244,57.425,1142.797,16451.468,1.662,-1.088,-1.393,19900.727,NA
"505","United Kingdom","1992",0.244,57.58,1179.66,16558.928,-28.63,0.371,0.1,20487.171,NA
"506","United Kingdom","1993",0.244,57.719,1061.389,16518.191,4.695,2.526,2.281,18389.02,NA
"507","United Kingdom","1994",0.244,57.866,1140.49,10725.098,7.655,3.895,3.631,19709.238,NA
"508","United Kingdom","1995",0.244,58.019,1335.862,21731.467,20.291,2.455,2.185,23024.556,NA
"509","United Kingdom","1996",0.244,58.167,1409.41,27390.453,14.506,2.535,2.274,24230.431,NA
"510","United Kingdom","1997",0.244,58.317,1553.623,37505.198,25.505,4.293,4.025,26641.02,NA
"511","United Kingdom","1998",0.244,58.487,1641.666,74651.622,20.845,3.341,3.041,28068.838,NA
"512","United Kingdom","1999",0.244,58.682,1668.271,89337.01,4.397,3.214,2.87,28428.773,NA
"513","United Kingdom","2000",0.244,58.893,1648.269,164130.335,11.064,3.453,3.084,27987.751,NA
"514","United Kingdom","2001",0.244,59.12,1625.8,56090.925,8.825,2.841,2.446,27500.146,NA
"515","United Kingdom","2002",0.244,59.37,1773.016,89760.583,4.994,2.5,2.067,29863.589,NA
"516","United Kingdom","2003",0.244,59.648,2043.832,36011.24,9.798,3.339,2.859,34265.128,NA
"517","United Kingdom","2004",0.244,59.988,2403.614,87059.621,9.822,2.348,1.767,40068.311,36
"518","United Kingdom","2005",0.244,60.401,2525.005,252653.397,13.85,3.149,2.443,41803.891,34.3
"519","United Kingdom","2006",0.244,60.847,2697.152,203636.432,14.097,2.548,1.797,44326.915,34.6
"520","United Kingdom","2007",0.244,61.322,3084.118,209514.96,15.812,2.546,1.75,50293.441,35.7
"521","United Kingdom","2008",0.244,61.807,2904.037,253454.118,17.803,-0.346,-1.127,46985.568,34.1
"522","United Kingdom","2009",0.244,62.276,2394.786,14547.108,-0.065,-4.247,-4.968,38454.227,34.3
"523","United Kingdom","2010",0.244,62.766,2452.9,66734.551,3.99,1.711,0.917,39079.843,34.4
"524","United Kingdom","2011",0.244,63.259,2634.896,27012.05,-4.418,1.645,0.853,41652.557,33.2
"525","United Kingdom","2012",0.244,63.7,2676.605,46750.79,0.77,1.447,0.744,42018.725,32.3
"526","United Kingdom","2013",0.244,64.128,2753.565,54473.175,2.102,2.046,1.365,42938.425,33.2
"527","United Kingdom","2014",0.244,64.613,3034.729,58890.445,-2.534,2.948,2.175,46967.668,34
"528","United Kingdom","2015",0.244,65.129,2896.421,45333.483,1.974,2.349,1.539,44472.152,33.2
"529","United Kingdom","2016",0.244,65.596,2659.239,265810.567,8.717,1.789,1.065,40539.92,NA
"530","United Kingdom","2017",0.244,66.059,2637.866,121254.6,8.296,1.823,1.109,39932.06,NA
"531","United Kingdom","2018",0.244,66.489,2825.208,58650.667,5.302,1.398,0.742,42491.364,NA
"532","Indonesia","1960",NA,87.751,NA,NA,NA,NA,NA,NA,NA
"533","Indonesia","1961",1.911,90.098,NA,NA,NA,5.741,2.986,NA,NA
"534","Indonesia","1962",1.911,92.518,NA,NA,NA,1.842,-0.822,NA,NA
"535","Indonesia","1963",1.911,95.015,NA,NA,NA,-2.237,-4.806,NA,NA
"536","Indonesia","1964",1.911,97.597,NA,NA,NA,3.53,0.791,NA,NA
"537","Indonesia","1965",1.911,100.267,NA,NA,NA,1.082,-1.61,NA,NA
"538","Indonesia","1966",1.911,103.025,NA,NA,NA,2.791,0.039,NA,NA
"539","Indonesia","1967",1.911,105.866,5.668,NA,NA,1.38,-1.339,53.537,NA
"540","Indonesia","1968",1.911,108.78,7.076,NA,NA,10.915,7.944,65.053,NA
"541","Indonesia","1969",1.911,111.759,8.337,NA,NA,6.822,3.975,74.602,NA
"542","Indonesia","1970",1.911,114.793,9.151,NA,39.565,7.555,4.711,79.715,NA
"543","Indonesia","1971",1.911,117.88,9.334,NA,42.679,7.024,4.221,79.178,NA
"544","Indonesia","1972",1.911,121.017,10.998,NA,44.323,7.038,4.263,90.876,NA
"545","Indonesia","1973",1.911,124.2,16.273,NA,49.47,8.104,5.334,131.025,NA
"546","Indonesia","1974",1.911,127.422,25.802,NA,47.267,7.635,4.913,202.495,NA
"547","Indonesia","1975",1.911,130.681,30.464,NA,37.251,4.977,2.36,233.117,NA
"548","Indonesia","1976",1.911,133.967,37.269,NA,31.197,6.887,4.265,278.197,NA
"549","Indonesia","1977",1.911,137.278,45.809,NA,19.504,8.761,6.138,333.694,NA
"550","Indonesia","1978",1.911,140.622,51.456,NA,21.622,6.767,4.228,365.916,NA
"551","Indonesia","1979",1.911,144.01,51.4,NA,36.975,7.324,4.799,356.921,NA
"552","Indonesia","1980",1.911,147.448,72.482,NA,48.996,9.88,7.318,491.58,NA
"553","Indonesia","1981",1.911,150.938,85.518,133,26.344,7.927,5.431,566.578,NA
"554","Indonesia","1982",1.911,154.468,90.158,225,14.072,2.246,-0.09,583.67,NA
"555","Indonesia","1983",1.911,158.009,81.052,292,32.16,4.193,1.858,512.959,NA
"556","Indonesia","1984",1.911,161.523,84.854,222,22.645,6.976,4.648,525.334,32.4
"557","Indonesia","1985",1.911,164.982,85.289,310,29.062,2.462,0.314,516.961,NA
"558","Indonesia","1986",1.911,168.374,79.954,258,19.477,5.875,3.742,474.859,NA
"559","Indonesia","1987",1.911,171.703,75.93,385,22.789,4.926,2.892,442.215,30.6
"560","Indonesia","1988",1.911,174.976,84.3,576,24.319,5.78,3.802,481.781,NA
"561","Indonesia","1989",1.911,178.209,94.451,682,38.167,7.457,5.507,530.003,NA
"562","Indonesia","1990",1.911,181.413,106.141,1093,44.557,7.242,5.348,585.077,31.2
"563","Indonesia","1991",1.911,184.592,116.622,1482,17.526,6.912,5.071,631.783,NA
"564","Indonesia","1992",1.911,187.74,128.027,1777,19.622,6.498,4.712,681.938,NA
"565","Indonesia","1993",1.911,190.851,158.007,2004,20.057,6.496,4.76,827.905,32
"566","Indonesia","1994",1.911,193.917,176.892,2109,20.202,7.54,5.84,912.203,NA
"567","Indonesia","1995",1.911,196.934,202.132,4346,27.524,8.22,6.562,1026.393,NA
"568","Indonesia","1996",1.911,199.901,227.37,6194,27.081,7.818,6.218,1137.41,34.4
"569","Indonesia","1997",1.911,202.826,215.749,4677,25.255,4.7,3.19,1063.712,NA
"570","Indonesia","1998",1.911,205.725,95.446,-240.8,62.763,-13.127,-14.351,463.948,31.1
"571","Indonesia","1999",1.911,208.615,140.001,-1865.621,12.233,0.791,-0.605,671.099,31
"572","Indonesia","2000",1.911,211.514,165.021,-4550.355,16.623,4.92,3.482,780.19,28.5
"573","Indonesia","2001",1.911,214.427,160.447,-2977.392,11.871,3.643,2.235,748.258,29
"574","Indonesia","2002",1.911,217.358,195.661,145.086,4.758,4.499,3.091,900.178,31.7
"575","Indonesia","2003",1.911,220.309,234.772,-596.924,7.938,4.78,3.377,1065.649,31.8
"576","Indonesia","2004",1.911,223.286,256.837,1896.083,9.144,5.031,3.631,1150.261,32.7
"577","Indonesia","2005",1.911,226.289,285.869,8336.257,16.335,5.693,4.29,1263.287,33
"578","Indonesia","2006",1.911,229.318,364.571,4914.201,14.943,5.501,4.108,1589.801,34.2
"579","Indonesia","2007",1.911,232.374,432.217,6928.48,19.325,6.345,4.946,1860.003,35.7
"580","Indonesia","2008",1.911,235.47,510.229,9318.454,14.923,6.014,4.62,2166.854,35.1
"581","Indonesia","2009",1.911,238.621,539.58,4877.369,12.952,4.629,3.247,2261.247,35.1
"582","Indonesia","2010",1.911,241.834,755.094,15292.009,15.402,6.224,4.812,3122.363,36.4
"583","Indonesia","2011",1.911,245.116,892.969,20564.938,16.43,6.17,4.748,3643.044,39.7
"584","Indonesia","2012",1.911,248.452,917.87,21200.779,14.955,6.03,4.606,3694.349,39.6
"585","Indonesia","2013",1.911,251.806,912.524,23281.742,12.78,5.557,4.151,3623.912,39.9
"586","Indonesia","2014",1.911,255.129,890.815,25120.732,11.88,5.007,3.639,3491.625,39.4
"587","Indonesia","2015",1.914,258.383,860.854,19779.128,8.997,4.876,3.555,3331.695,39.7
"588","Indonesia","2016",1.914,261.554,931.877,4541.714,10.028,5.033,3.76,3562.846,38.6
"589","Indonesia","2017",1.914,264.646,1015.423,20510.311,8.276,5.067,3.84,3836.914,38.1
"590","Indonesia","2018",1.914,267.663,1042.173,20007.775,6.29,5.171,3.986,3893.596,NA
"591","India","1960",NA,450.548,37.03,NA,NA,NA,NA,82.189,NA
"592","India","1961",3.287,459.642,39.232,NA,3.212,3.723,1.67,85.354,NA
"593","India","1962",3.287,469.077,42.161,NA,9.609,2.931,0.861,89.882,NA
"594","India","1963",3.287,478.826,48.422,NA,10.584,5.994,3.836,101.126,NA
"595","India","1964",3.287,488.848,56.48,NA,9.406,7.453,5.25,115.537,NA
"596","India","1965",3.287,499.123,59.555,NA,10.888,-2.636,-4.64,119.319,NA
"597","India","1966",3.287,509.632,45.865,NA,11.207,-0.055,-2.116,89.997,NA
"598","India","1967",3.287,520.401,50.135,NA,9.362,7.826,5.595,96.339,NA
"599","India","1968",3.287,531.514,53.085,NA,9.521,3.388,1.226,99.876,NA
"600","India","1969",3.287,543.084,58.448,NA,13.517,6.54,4.27,107.622,NA
"601","India","1970",3.287,555.19,62.422,NA,12.033,5.157,2.864,112.434,NA
"602","India","1971",3.287,567.868,67.351,NA,17.06,1.643,-0.626,118.603,NA
"603","India","1972",3.287,581.087,71.463,NA,15.394,-0.553,-2.816,122.982,NA
"604","India","1973",3.287,594.77,85.515,NA,19.496,3.296,0.919,143.779,NA
"605","India","1974",3.287,608.803,99.526,NA,12.225,1.185,-1.147,163.478,NA
"606","India","1975",3.287,623.103,98.473,-10.326,14.052,9.15,6.645,158.036,NA
"607","India","1976",3.287,637.63,102.717,-7.706,24.486,1.663,-0.653,161.092,NA
"608","India","1977",3.287,652.409,121.487,-36.06,19.164,7.255,4.825,186.214,NA
"609","India","1978",3.287,667.5,137.3,18.09,21.153,5.713,3.323,205.693,NA
"610","India","1979",3.287,682.995,152.992,48.57,17.711,-5.238,-7.388,224.001,NA
"611","India","1980",3.287,698.953,186.325,79.16,15.898,6.736,4.299,266.578,NA
"612","India","1981",3.287,715.385,193.491,91.92,17.451,6.006,3.571,270.471,NA
"613","India","1982",3.287,732.24,200.715,72.08,17.204,3.476,1.094,274.111,NA
"614","India","1983",3.287,749.429,218.262,5.64,16.887,7.289,4.828,291.238,32.1
"615","India","1984",3.287,766.833,212.158,19.24,17.984,3.821,1.464,276.668,NA
"616","India","1985",3.287,784.36,232.512,106.09,16.883,5.254,2.902,296.435,NA
"617","India","1986",3.287,801.975,248.986,117.73,17.927,4.777,2.475,310.466,NA
"618","India","1987",3.287,819.682,279.034,212.32,16.318,3.965,1.719,340.417,32.6
"619","India","1988",3.287,837.469,296.589,91.25,18.291,9.628,7.299,354.149,NA
"620","India","1989",3.287,855.335,296.042,252.1,15.73,5.947,3.734,346.113,NA
"621","India","1990",3.287,873.278,320.979,236.69,15.067,5.533,3.365,367.557,NA
"622","India","1991",3.287,891.273,270.105,73.538,18.317,1.057,-0.984,303.056,NA
"623","India","1992",3.287,909.307,288.208,276.512,16.862,5.482,3.39,316.954,NA
"624","India","1993",3.287,927.404,279.296,550.37,17.008,4.751,2.707,301.159,31.7
"625","India","1994",3.287,945.602,327.276,973.271,20.278,6.659,4.606,346.103,NA
"626","India","1995",3.287,963.923,360.282,2143.628,11.011,7.574,5.53,373.766,NA
"627","India","1996",3.287,982.365,392.897,2426.057,18.736,7.55,5.53,399.95,NA
"628","India","1997",3.287,1000.9,415.868,3577.33,17.657,4.05,2.123,415.494,NA
"629","India","1998",3.287,1019.484,421.351,2634.652,18.173,6.184,4.249,413.299,NA
"630","India","1999",3.287,1038.058,458.82,2168.591,17.149,8.846,6.898,441.999,NA
"631","India","2000",3.287,1056.576,468.395,3584.217,15.172,3.841,2.021,443.314,NA
"632","India","2001",3.287,1075,485.441,5128.094,14.321,4.824,3.027,451.573,NA
"633","India","2002",3.287,1093.317,514.938,5208.967,16.761,3.804,2.065,470.987,NA
"634","India","2003",3.287,1111.523,607.699,3681.985,13.034,7.86,6.094,546.727,NA
"635","India","2004",3.287,1129.623,709.149,5429.251,16.732,7.923,6.194,627.774,34.4
"636","India","2005",3.287,1147.61,820.382,7269.407,15.6,7.923,6.232,714.861,NA
"637","India","2006",3.287,1165.486,940.26,20029.119,21.633,8.061,6.403,806.753,NA
"638","India","2007",3.287,1183.209,1216.735,25227.741,22.272,7.661,6.048,1028.335,NA
"639","India","2008",3.287,1200.67,1198.895,43406.277,20.495,3.087,1.588,998.522,NA
"640","India","2009",3.287,1217.726,1341.887,35581.373,17.996,7.862,6.351,1101.961,35.4
"641","India","2010",3.287,1234.281,1675.615,27396.885,17.802,8.498,7.042,1357.564,NA
"642","India","2011",3.287,1250.289,1823.05,36498.655,16.138,5.241,3.894,1458.103,35.7
"643","India","2012",3.287,1265.783,1827.638,23995.685,11.046,5.456,4.166,1443.88,NA
"644","India","2013",3.287,1280.846,1856.722,28153.031,14.832,6.386,5.135,1449.606,NA
"645","India","2014",3.287,1295.604,2039.127,34576.644,10.587,7.41,6.187,1573.881,NA
"646","India","2015",3.287,1310.152,2103.588,44009.492,10.618,7.996,6.797,1605.605,NA
"647","India","2016",3.287,1324.51,2290.432,44458.572,6.801,8.17,6.997,1729.268,NA
"648","India","2017",3.287,1338.659,2652.551,39966.091,10.431,7.168,6.035,1981.499,NA
"649","India","2018",3.287,1352.617,2726.323,42117.451,10.52,6.982,5.878,2015.59,NA
"650","Italy","1960",NA,50.2,40.385,NA,NA,NA,NA,804.493,NA
"651","Italy","1961",0.301,50.536,44.843,NA,NA,8.207,7.486,887.337,NA
"652","Italy","1962",0.301,50.879,50.384,NA,NA,6.204,5.487,990.26,NA
"653","Italy","1963",0.301,51.252,57.711,NA,NA,5.61,4.842,1126.019,NA
"654","Italy","1964",0.301,51.675,63.175,NA,NA,2.798,1.956,1222.545,NA
"655","Italy","1965",0.301,52.112,67.978,NA,NA,3.268,2.402,1304.454,NA
"656","Italy","1966",0.301,52.519,73.655,NA,NA,5.985,5.164,1402.442,NA
"657","Italy","1967",0.301,52.901,81.133,NA,NA,7.179,6.406,1533.693,NA
"658","Italy","1968",0.301,53.236,87.942,NA,NA,6.545,5.874,1651.939,NA
"659","Italy","1969",0.301,53.538,97.085,NA,NA,6.098,5.499,1813.388,NA
"660","Italy","1970",0.301,53.822,113.021,624.16,NA,5.269,4.713,2099.914,NA
"661","Italy","1971",0.301,54.073,124.261,550.016,NA,1.818,1.344,2298.005,NA
"662","Italy","1972",0.301,54.381,144.781,673.866,NA,3.69,3.103,2662.326,NA
"663","Italy","1973",0.301,54.751,174.913,663.951,NA,7.126,6.402,3194.679,NA
"664","Italy","1974",0.301,55.111,198.906,596.491,NA,5.5,4.812,3609.201,NA
"665","Italy","1975",0.301,55.441,226.945,645.316,NA,-2.09,-2.673,4093.447,NA
"666","Italy","1976",0.301,55.718,223.976,108.674,NA,7.125,6.592,4019.796,NA
"667","Italy","1977",0.301,55.955,256.747,1128.216,NA,2.561,2.126,4588.414,NA
"668","Italy","1978",0.301,56.155,314.019,476.019,NA,3.24,2.873,5591.991,NA
"669","Italy","1979",0.301,56.318,392.379,415.445,NA,5.959,5.653,6967.228,NA
"670","Italy","1980",0.301,56.434,475.683,576.575,NA,3.43,3.217,8429.023,NA
"671","Italy","1981",0.301,56.502,429.282,1127.027,NA,0.844,0.723,7597.689,NA
"672","Italy","1982",0.301,56.544,425.863,617.176,NA,0.414,0.339,7531.598,NA
"673","Italy","1983",0.301,56.564,441.581,1189.582,NA,1.169,1.132,7806.739,NA
"674","Italy","1984",0.301,56.577,436.443,1320.642,NA,3.226,3.203,7714.185,NA
"675","Italy","1985",0.301,56.593,450.726,1071.697,NA,2.798,2.768,7964.329,NA
"676","Italy","1986",0.301,56.596,638.274,-171.755,NA,2.86,2.854,11277.692,NA
"677","Italy","1987",0.301,56.602,803.055,4174.57,NA,3.192,3.181,14187.774,NA
"678","Italy","1988",0.301,56.629,888.668,6801.432,NA,4.194,4.144,15692.726,NA
"679","Italy","1989",0.301,56.672,925.598,2165.727,NA,3.388,3.311,16332.609,NA
"680","Italy","1990",0.301,56.719,1177.326,6410.685,NA,1.986,1.9,20757.089,NA
"681","Italy","1991",0.301,56.759,1242.109,2400.686,NA,1.538,1.468,21884.104,NA
"682","Italy","1992",0.301,56.797,1315.807,3104.521,NA,0.834,0.766,23166.804,NA
"683","Italy","1993",0.301,56.832,1061.445,3748.776,NA,-0.853,-0.913,18676.953,NA
"684","Italy","1994",0.301,56.843,1095.591,2199.18,NA,2.151,2.13,19273.844,NA
"685","Italy","1995",0.301,56.844,1170.787,4841.781,NA,2.887,2.885,20596.389,NA
"686","Italy","1996",0.301,56.86,1308.929,3545.881,NA,1.286,1.258,23020.1,NA
"687","Italy","1997",0.301,56.89,1239.051,3699.858,NA,1.835,1.781,21779.624,NA
"688","Italy","1998",0.301,56.907,1266.309,2634.606,NA,1.616,1.587,22252.358,NA
"689","Italy","1999",0.301,56.916,1248.563,6942.86,NA,1.56,1.543,21936.823,NA
"690","Italy","2000",0.301,56.942,1141.76,13172.982,NA,3.71,3.663,20051.242,NA
"691","Italy","2001",0.301,56.974,1162.318,14878.086,NA,1.772,1.715,20400.811,NA
"692","Italy","2002",0.301,57.059,1266.511,17239.36,NA,0.249,0.099,22196.507,NA
"693","Italy","2003",0.301,57.313,1569.65,19572.887,NA,0.151,-0.293,27387.226,34.9
"694","Italy","2004",0.301,57.685,1798.315,20100.743,NA,1.582,0.927,31174.561,34.3
"695","Italy","2005",0.301,57.969,1852.662,36762.073,NA,0.95,0.455,31959.263,33.8
"696","Italy","2006",0.301,58.144,1942.634,56995.485,NA,2.007,1.7,33410.747,33.7
"697","Italy","2007",0.301,58.438,2203.053,65975.535,NA,1.474,0.963,37698.787,32.9
"698","Italy","2008",0.301,58.827,2390.729,-9501.579,NA,-1.05,-1.704,40640.184,33.8
"699","Italy","2009",0.301,59.095,2185.16,16607.196,NA,-5.482,-5.912,36976.846,33.8
"700","Italy","2010",0.301,59.277,2125.058,9930.501,NA,1.687,1.374,35849.373,34.7
"701","Italy","2011",0.301,59.379,2276.292,34465.482,NA,0.577,0.404,38334.684,35.1
"702","Italy","2012",0.301,59.54,2072.823,34.901,NA,-2.819,-3.081,34814.125,35.2
"703","Italy","2013",0.301,60.234,2130.491,19531.412,NA,-1.728,-2.861,35370.275,34.9
"704","Italy","2014",0.301,60.789,2151.733,17032.744,NA,0.114,-0.801,35396.666,34.7
"705","Italy","2015",0.301,60.731,1832.273,13303.439,NA,0.924,1.021,30170.517,35.4
"706","Italy","2016",0.301,60.627,1869.202,25656.664,NA,1.119,1.291,30830.923,NA
"707","Italy","2017",0.301,60.537,1946.57,9165.254,NA,1.684,1.837,32155.206,NA
"708","Italy","2018",0.301,60.431,2073.902,30903.529,NA,0.858,1.034,34318.351,NA
"709","Japan","1960",NA,92.501,44.307,NA,NA,NA,NA,478.995,NA
"710","Japan","1961",0.378,94.943,53.509,NA,15.728,12.044,9.161,563.587,NA
"711","Japan","1962",0.378,95.832,60.723,NA,61.024,8.909,7.899,633.64,NA
"712","Japan","1963",0.378,96.812,69.498,NA,23.959,8.474,7.376,717.867,NA
"713","Japan","1964",0.378,97.826,81.749,NA,15.294,11.677,10.519,835.657,NA
"714","Japan","1965",0.378,98.883,90.95,NA,17.991,5.82,4.689,919.777,NA
"715","Japan","1966",0.378,99.79,105.628,NA,16.26,10.639,9.633,1058.504,NA
"716","Japan","1967",0.378,100.725,123.782,NA,15.496,11.082,10.051,1228.909,NA
"717","Japan","1968",0.378,101.061,146.601,NA,14.828,12.882,12.507,1450.62,NA
"718","Japan","1969",0.378,103.172,172.204,NA,18.504,12.478,10.176,1669.098,NA
"719","Japan","1970",0.378,104.345,212.609,NA,67.392,0.399,-0.73,2037.56,NA
"720","Japan","1971",0.378,105.697,240.152,NA,24.185,4.699,3.36,2272.078,NA
"721","Japan","1972",0.378,107.188,318.031,NA,24.969,8.414,6.905,2967.042,NA
"722","Japan","1973",0.378,108.079,432.083,NA,18.968,8.033,7.142,3997.841,NA
"723","Japan","1974",0.378,110.162,479.626,NA,14.061,-1.225,-3.093,4353.824,NA
"724","Japan","1975",0.378,111.94,521.542,NA,16.965,3.092,1.454,4659.12,NA
"725","Japan","1976",0.378,112.771,586.162,NA,15.505,3.975,3.209,5197.807,NA
"726","Japan","1977",0.378,113.863,721.412,20,13.726,4.39,3.389,6335.788,NA
"727","Japan","1978",0.378,114.898,1013.612,10,14.412,5.272,4.324,8821.843,NA
"728","Japan","1979",0.378,115.87,1055.012,240,11.152,5.484,4.599,9105.136,NA
"729","Japan","1980",0.378,116.782,1105.386,280,9.648,2.818,2.015,9465.38,NA
"730","Japan","1981",0.378,117.648,1218.989,190,11.774,4.209,3.442,10361.323,NA
"731","Japan","1982",0.378,118.449,1134.518,440,9.294,3.312,2.614,9578.114,NA
"732","Japan","1983",0.378,119.259,1243.324,410,8.487,3.523,2.82,10425.407,NA
"733","Japan","1984",0.378,120.018,1318.382,-10,7.867,4.502,3.841,10984.866,NA
"734","Japan","1985",0.378,120.754,1398.893,637.716,8.745,5.233,4.592,11584.649,NA
"735","Japan","1986",0.378,121.492,2078.953,226.235,9.183,3.327,2.699,17111.854,NA
"736","Japan","1987",0.378,122.091,2532.809,1161.211,9.428,4.731,4.217,20745.252,NA
"737","Japan","1988",0.378,122.613,3071.683,-481.741,9.082,6.785,6.33,25051.854,NA
"738","Japan","1989",0.378,123.116,3054.914,-1038.08,10.993,4.858,4.43,24813.299,NA
"739","Japan","1990",0.378,123.537,3132.818,1777.361,6.852,4.893,4.535,25359.347,NA
"740","Japan","1991",0.378,123.921,3584.42,1285.72,5.549,3.417,3.097,28925.042,NA
"741","Japan","1992",0.378,124.229,3908.809,2759.978,3.29,0.848,0.598,31464.549,NA
"742","Japan","1993",0.378,124.536,4454.144,118.698,4.419,-0.518,-0.763,35765.914,NA
"743","Japan","1994",0.378,124.961,4907.039,911.689,4.187,0.993,0.65,39268.567,NA
"744","Japan","1995",0.378,125.439,5449.116,39.332,4.073,2.742,2.351,43440.368,NA
"745","Japan","1996",0.378,125.757,4833.713,207.641,3.804,3.1,2.839,38436.926,NA
"746","Japan","1997",0.378,126.057,4414.733,3200.077,5.81,1.076,0.835,35021.719,NA
"747","Japan","1998",0.378,126.4,4032.51,3268.105,3.136,-1.128,-1.397,31902.767,NA
"748","Japan","1999",0.378,126.631,4562.079,12308.393,2.802,-0.252,-0.434,36026.556,NA
"749","Japan","2000",0.378,126.843,4887.52,10688.168,1.336,2.78,2.608,38532.041,NA
"750","Japan","2001",0.378,127.149,4303.544,4926.034,-17.239,0.406,0.165,33846.466,NA
"751","Japan","2002",0.378,127.445,4115.116,11557.374,0.923,0.118,-0.115,32289.351,NA
"752","Japan","2003",0.378,127.718,4445.658,8771.536,0.541,1.528,1.311,34808.391,NA
"753","Japan","2004",0.378,127.761,4815.149,7527.948,0.622,2.205,2.17,37688.722,NA
"754","Japan","2005",0.378,127.773,4755.411,5459.618,0.464,1.663,1.653,37217.649,NA
"755","Japan","2006",0.378,127.854,4530.377,-2396.91,-0.73,1.42,1.356,35433.989,NA
"756","Japan","2007",0.378,128.001,4515.265,21631.204,0.687,1.654,1.537,35275.228,NA
"757","Japan","2008",0.378,128.063,5037.908,24624.845,0.73,-1.094,-1.141,39339.298,32.1
"758","Japan","2009",0.378,128.047,5231.383,12226.472,2.08,-5.416,-5.405,40855.176,NA
"759","Japan","2010",0.378,128.07,5700.098,7440.979,1.757,4.192,4.173,44507.676,NA
"760","Japan","2011",0.378,127.833,6157.46,-850.717,2.884,-0.115,0.07,48167.997,NA
"761","Japan","2012",0.378,127.629,6203.213,546.963,2.196,1.495,1.657,48603.477,NA
"762","Japan","2013",0.378,127.445,5155.717,10648.442,3.468,2,2.148,40454.447,NA
"763","Japan","2014",0.378,127.276,4850.414,19752.249,2.938,0.375,0.508,38109.412,NA
"764","Japan","2015",0.378,127.141,4389.476,5252.218,3.01,1.223,1.33,34524.47,NA
"765","Japan","2016",0.378,126.995,4926.667,40954.181,3.917,0.609,0.725,38794.331,NA
"766","Japan","2017",0.378,126.786,4859.951,20419.904,3.516,1.929,2.097,38331.979,NA
"767","Japan","2018",0.378,126.529,4970.916,25876.986,2.413,0.788,0.992,39286.738,NA
"768","Korea, Rep.","1960",NA,25.012,3.957,NA,NA,NA,NA,158.211,NA
"769","Korea, Rep.","1961",0.099,25.766,2.418,NA,45.912,6.882,3.757,93.832,NA
"770","Korea, Rep.","1962",0.099,26.513,2.814,NA,25.311,3.839,0.912,106.131,NA
"771","Korea, Rep.","1963",0.099,27.262,3.988,NA,7.294,9.19,6.192,146.303,NA
"772","Korea, Rep.","1964",0.099,27.984,3.459,NA,14.802,9.459,6.634,123.59,NA
"773","Korea, Rep.","1965",0.099,28.705,3.12,NA,52.611,7.184,4.493,108.71,NA
"774","Korea, Rep.","1966",0.099,29.436,3.928,NA,61.658,11.984,9.203,133.454,NA
"775","Korea, Rep.","1967",0.099,30.131,4.855,NA,61.744,9.117,6.599,161.121,NA
"776","Korea, Rep.","1968",0.099,30.838,6.117,NA,72.374,13.189,10.592,198.361,NA
"777","Korea, Rep.","1969",0.099,31.544,7.676,NA,60.985,14.541,11.978,243.339,NA
"778","Korea, Rep.","1970",0.099,32.241,8.999,NA,27.423,9.997,7.621,279.125,NA
"779","Korea, Rep.","1971",0.099,32.883,9.89,NA,20.844,10.455,8.299,300.765,NA
"780","Korea, Rep.","1972",0.099,33.505,10.842,NA,33.815,7.151,5.159,323.596,NA
"781","Korea, Rep.","1973",0.099,34.103,13.842,NA,36.416,14.828,12.815,405.883,NA
"782","Korea, Rep.","1974",0.099,34.692,19.482,NA,24.037,9.461,7.602,561.567,NA
"783","Korea, Rep.","1975",0.099,35.281,21.705,NA,28.232,7.864,6.064,615.201,NA
"784","Korea, Rep.","1976",0.099,35.849,29.779,81,33.485,13.115,11.324,830.699,NA
"785","Korea, Rep.","1977",0.099,36.412,38.265,94,39.706,12.278,10.541,1050.898,NA
"786","Korea, Rep.","1978",0.099,36.969,51.701,89,34.971,10.774,9.104,1398.479,NA
"787","Korea, Rep.","1979",0.099,37.534,66.568,35,24.584,8.626,6.99,1773.527,NA
"788","Korea, Rep.","1980",0.099,38.124,64.981,6,26.895,-1.701,-3.221,1704.47,NA
"789","Korea, Rep.","1981",0.099,38.723,72.426,102,25.025,7.181,5.521,1870.339,NA
"790","Korea, Rep.","1982",0.099,39.326,77.773,69,27.011,8.265,6.605,1977.642,NA
"791","Korea, Rep.","1983",0.099,39.91,87.024,68.5,15.243,13.242,11.585,2180.495,NA
"792","Korea, Rep.","1984",0.099,40.406,96.597,110.2,7.705,10.443,9.088,2390.673,NA
"793","Korea, Rep.","1985",0.099,40.806,100.273,233.5,15.623,7.75,6.694,2457.328,NA
"794","Korea, Rep.","1986",0.099,41.214,115.537,459.6,18.441,11.224,10.123,2803.369,NA
"795","Korea, Rep.","1987",0.099,41.622,146.133,616.3,19.054,12.467,11.365,3510.99,NA
"796","Korea, Rep.","1988",0.099,42.031,196.964,1014.1,21.499,11.905,10.814,4686.137,NA
"797","Korea, Rep.","1989",0.099,42.449,243.526,1117.8,19.816,7.03,5.976,5736.904,NA
"798","Korea, Rep.","1990",0.099,42.869,279.349,788.5,17.174,9.811,8.735,6516.306,NA
"799","Korea, Rep.","1991",0.099,43.296,325.734,1179.8,21.887,10.354,9.267,7523.477,NA
"800","Korea, Rep.","1992",0.099,43.748,350.051,728.3,14.942,6.176,5.078,8001.541,NA
"801","Korea, Rep.","1993",0.099,44.195,386.303,588.1,16.581,6.847,5.767,8740.946,NA
"802","Korea, Rep.","1994",0.099,44.642,455.603,809,18.677,9.206,8.113,10205.807,NA
"803","Korea, Rep.","1995",0.099,45.093,556.131,1775.8,15.593,9.571,8.474,12332.979,NA
"804","Korea, Rep.","1996",0.099,45.525,598.099,2325.4,15.828,7.595,6.574,13137.908,NA
"805","Korea, Rep.","1997",0.099,45.954,557.503,2844.2,14.144,5.922,4.934,12131.875,NA
"806","Korea, Rep.","1998",0.099,46.287,374.241,5412.3,27.026,-5.471,-6.151,8085.324,NA
"807","Korea, Rep.","1999",0.099,46.617,485.248,9333.4,27.377,11.309,10.52,10409.327,NA
"808","Korea, Rep.","2000",0.099,47.008,561.633,11509.4,25.426,8.924,8.017,11947.579,NA
"809","Korea, Rep.","2001",0.1,47.37,533.052,6522.3,85.203,4.525,3.726,11252.908,NA
"810","Korea, Rep.","2002",0.1,47.645,609.02,5475.1,14,7.432,6.813,12782.526,NA
"811","Korea, Rep.","2003",0.1,47.892,680.521,7010,2.981,2.933,2.401,14209.389,NA
"812","Korea, Rep.","2004",0.1,48.083,764.881,13294.4,6.308,4.9,4.485,15907.666,NA
"813","Korea, Rep.","2005",0.1,48.185,898.137,13643.2,6.989,3.924,3.704,18639.522,NA
"814","Korea, Rep.","2006",0.1,48.438,1011.797,9161.9,12.513,5.176,4.625,20888.38,31.7
"815","Korea, Rep.","2007",0.1,48.684,1122.679,8826.9,10.82,5.463,4.932,23060.708,NA
"816","Korea, Rep.","2008",0.1,49.055,1002.219,11187.5,11.956,2.829,2.051,20430.639,32.3
"817","Korea, Rep.","2009",0.1,49.308,901.935,9021.9,9.886,0.708,0.191,18291.92,NA
"818","Korea, Rep.","2010",0.1,49.554,1094.499,9497.4,5.979,6.497,5.968,22086.953,32
"819","Korea, Rep.","2011",0.1,49.937,1202.464,9773,5.476,3.682,2.887,24079.789,NA
"820","Korea, Rep.","2012",0.1,50.2,1222.807,9495.9,4.806,2.292,1.756,24358.782,31.6
"821","Korea, Rep.","2013",0.1,50.429,1305.605,12766.6,4.639,2.896,2.429,25890.019,NA
"822","Korea, Rep.","2014",0.1,50.747,1411.334,9273.6,8.144,3.341,2.694,27811.366,NA
"823","Korea, Rep.","2015",0.1,51.015,1382.764,4104.1,8.191,2.79,2.25,27105.076,NA
"824","Korea, Rep.","2016",0.1,51.246,1414.804,12104.3,7.123,2.929,2.466,27608.247,NA
"825","Korea, Rep.","2017",0.1,51.466,1530.751,17912.9,5.105,3.063,2.621,29742.839,NA
"826","Korea, Rep.","2018",0.1,51.635,1619.424,14479.3,6.719,2.668,2.332,31362.751,NA
"827","Mexico","1960",NA,37.772,13.04,NA,NA,NA,NA,345.231,NA
"828","Mexico","1961",1.964,38.966,14.16,NA,13.159,5,1.782,363.393,NA
"829","Mexico","1962",1.964,40.195,15.2,NA,13.188,4.664,1.464,378.153,NA
"830","Mexico","1963",1.964,41.462,16.96,NA,16.684,8.107,4.803,409.046,NA
"831","Mexico","1964",1.964,42.771,20.08,NA,16.822,11.905,8.481,469.476,NA
"832","Mexico","1965",1.964,44.124,21.84,NA,9.145,7.1,3.816,494.97,NA
"833","Mexico","1966",1.964,45.52,24.32,NA,9.039,6.096,2.843,534.274,NA
"834","Mexico","1967",1.964,46.956,26.56,NA,11.932,5.855,2.617,565.633,NA
"835","Mexico","1968",1.964,48.432,29.36,NA,12.523,9.423,6.089,606.211,NA
"836","Mexico","1969",1.964,49.945,32.48,NA,18.365,3.419,0.285,650.312,NA
"837","Mexico","1970",1.964,51.494,35.52,312.107,16.767,6.502,3.3,689.795,NA
"838","Mexico","1971",1.964,53.076,39.2,307,12.97,3.762,0.668,738.558,NA
"839","Mexico","1972",1.964,54.69,45.2,178.385,16.966,8.229,5.036,826.477,NA
"840","Mexico","1973",1.964,56.324,55.28,457,25.014,7.861,4.731,981.459,NA
"841","Mexico","1974",1.964,57.967,72,508.756,21.956,5.777,2.78,1242.09,NA
"842","Mexico","1975",1.964,59.608,88,458.411,26.375,5.744,2.833,1476.313,NA
"843","Mexico","1976",1.964,61.242,89.026,731.451,54.227,4.417,1.631,1453.671,NA
"844","Mexico","1977",1.964,62.87,81.814,327.102,4.384,3.391,0.714,1301.325,NA
"845","Mexico","1978",1.964,64.495,102.5,658.163,35.017,8.957,6.212,1589.274,NA
"846","Mexico","1979",1.964,66.124,134.561,1332,35.823,9.698,6.996,2034.989,NA
"847","Mexico","1980",1.964,67.761,205.139,2090,38.21,9.233,6.594,3027.375,NA
"848","Mexico","1981",1.964,69.408,263.959,3078,50.231,8.526,5.952,3803.031,NA
"849","Mexico","1982",1.964,71.059,184.609,1901,54.364,-0.521,-2.832,2597.983,NA
"850","Mexico","1983",1.964,72.709,156.159,2192,63.505,-3.486,-5.677,2147.72,NA
"851","Mexico","1984",1.964,74.353,184.261,1542,69.101,3.411,1.125,2478.211,NA
"852","Mexico","1985",1.964,75.983,195.22,1984,41.963,2.188,-0.006,2569.24,NA
"853","Mexico","1986",1.964,77.599,134.55,2036,71.02,-3.079,-5.097,1733.913,NA
"854","Mexico","1987",1.964,79.2,147.541,1184,141.509,1.722,-0.334,1862.886,NA
"855","Mexico","1988",1.964,80.789,181.612,2011,-13.009,1.283,-0.708,2247.981,NA
"856","Mexico","1989",1.964,82.369,221.401,2785,95.904,4.106,2.108,2687.915,54.3
"857","Mexico","1990",1.964,83.943,261.254,2549,83.785,5.176,3.203,3112.269,NA
"858","Mexico","1991",1.964,85.513,313.143,4742,49.208,4.215,2.302,3661.948,NA
"859","Mexico","1992",1.964,87.075,363.158,4393,23.573,3.541,1.683,4170.623,53.7
"860","Mexico","1993",1.964,88.625,500.736,4389,16.9,1.941,0.158,5650.026,NA
"861","Mexico","1994",1.964,90.156,527.813,10972.5,20.108,4.941,3.159,5854.418,54.3
"862","Mexico","1995",1.964,91.663,360.074,9526.29,31.856,-6.291,-7.832,3928.224,NA
"863","Mexico","1996",1.964,93.147,410.976,9185.6,27.011,6.773,5.072,4412.116,54.8
"864","Mexico","1997",1.964,94.611,500.413,12829.8,56.85,6.847,5.194,5289.168,NA
"865","Mexico","1998",1.964,96.056,526.502,12756.765,17.449,5.164,3.582,5481.181,53.4
"866","Mexico","1999",1.964,97.485,600.233,13880.523,18.748,2.754,1.248,6157.192,NA
"867","Mexico","2000",1.964,98.9,707.907,18382.285,-4.487,4.942,3.441,7157.814,52.6
"868","Mexico","2001",1.964,100.298,756.706,30060.02,18.844,-0.404,-1.793,7544.569,NA
"869","Mexico","2002",1.964,101.685,772.106,24055.125,5.072,-0.04,-1.403,7593.138,50.1
"870","Mexico","2003",1.964,103.081,729.336,18223.514,9.343,1.446,0.072,7075.37,NA
"871","Mexico","2004",1.964,104.515,782.241,24916.054,13.046,3.921,2.495,7484.487,50
"872","Mexico","2005",1.964,106.005,877.476,26018.16,9.968,2.308,0.87,8277.671,50.1
"873","Mexico","2006",1.964,107.56,975.387,20677.862,6.693,4.495,2.984,9068.294,48.9
"874","Mexico","2007",1.964,109.171,1052.696,33077.991,10.148,2.291,0.783,9642.681,NA
"875","Mexico","2008",1.964,110.815,1109.989,32224.048,8.899,1.144,-0.358,10016.571,49.9
"876","Mexico","2009",1.964,112.464,900.045,19368.616,11.525,-5.286,-6.674,8002.972,NA
"877","Mexico","2010",1.964,114.093,1057.801,20924.975,12.763,5.118,3.617,9271.398,47.2
"878","Mexico","2011",1.964,115.695,1180.49,24726.665,9.979,3.663,2.227,10203.421,NA
"879","Mexico","2012",1.964,117.274,1201.09,17748.635,10.084,3.642,2.247,10241.728,48.7
"880","Mexico","2013",1.964,118.827,1274.443,47268.723,8.28,1.354,0.029,10725.183,NA
"881","Mexico","2014",1.964,120.355,1314.564,31769.832,12.193,2.804,1.499,10922.376,48.7
"882","Mexico","2015",1.964,121.858,1170.565,37033.334,12.312,3.288,2.014,9605.952,NA
"883","Mexico","2016",1.964,123.333,1077.828,35833.921,12.492,2.922,1.691,8739.142,48.3
"884","Mexico","2017",1.964,124.777,1158.071,32005.161,11.102,2.07,0.889,9281.101,NA
"885","Mexico","2018",1.964,126.191,1223.809,36871.129,5.452,1.994,0.852,9698.084,NA
"886","Netherlands","1960",NA,11.487,12.277,NA,NA,NA,NA,1068.785,NA
"887","Netherlands","1961",0.042,11.639,13.494,NA,NA,0.296,-1.015,1159.392,NA
"888","Netherlands","1962",0.042,11.806,14.647,NA,NA,6.844,5.332,1240.678,NA
"889","Netherlands","1963",0.042,11.966,15.891,NA,NA,3.625,2.237,1328.037,NA
"890","Netherlands","1964",0.042,12.127,18.699,NA,NA,8.275,6.836,1541.947,NA
"891","Netherlands","1965",0.042,12.295,21.001,NA,NA,8.643,7.162,1708.096,NA
"892","Netherlands","1966",0.042,12.456,22.867,NA,NA,2.741,1.409,1835.801,NA
"893","Netherlands","1967",0.042,12.598,25.088,NA,NA,5.28,4.094,1991.361,NA
"894","Netherlands","1968",0.042,12.73,27.818,NA,NA,6.416,5.317,2185.249,NA
"895","Netherlands","1969",0.042,12.878,31.504,NA,NA,6.429,5.204,2446.335,NA
"896","Netherlands","1970",0.042,13.039,38.165,632.597,NA,6.348,5.038,2927.073,NA
"897","Netherlands","1971",0.042,13.194,44.579,752.898,NA,4.317,3.084,3378.615,NA
"898","Netherlands","1972",0.042,13.329,54.707,754.553,NA,3.534,2.492,4104.451,NA
"899","Netherlands","1973",0.042,13.439,71.841,1118.995,NA,5.444,4.575,5345.575,NA
"900","Netherlands","1974",0.042,13.545,87.243,1103.114,NA,3.439,2.631,6440.978,NA
"901","Netherlands","1975",0.042,13.666,100.25,1232.377,NA,0.002,-0.885,7335.509,NA
"902","Netherlands","1976",0.042,13.774,109.169,581.098,NA,4.456,3.64,7925.688,NA
"903","Netherlands","1977",0.042,13.856,127.017,605.297,NA,2.52,1.913,9166.808,NA
"904","Netherlands","1978",0.042,13.942,155.86,1082.145,NA,2.696,2.066,11179.39,NA
"905","Netherlands","1979",0.042,14.038,179.669,1715.155,NA,2.014,1.312,12798.543,NA
"906","Netherlands","1980",0.042,14.15,195.152,2278.378,NA,1.342,0.543,13791.862,NA
"907","Netherlands","1981",0.042,14.247,164.134,1799.058,NA,-0.784,-1.462,11520.448,NA
"908","Netherlands","1982",0.042,14.313,158.48,1227.497,NA,-1.241,-1.693,11072.658,NA
"909","Netherlands","1983",0.042,14.367,153.445,1357.996,NA,2.07,1.684,10680.359,NA
"910","Netherlands","1984",0.042,14.424,143.913,1716.938,NA,3.062,2.653,9977.16,NA
"911","Netherlands","1985",0.042,14.492,143.846,1504.626,NA,2.58,2.103,9926.13,NA
"912","Netherlands","1986",0.042,14.572,200.862,3129.068,NA,2.787,2.218,13783.85,NA
"913","Netherlands","1987",0.042,14.665,245.046,3029.037,NA,1.931,1.287,16709.56,NA
"914","Netherlands","1988",0.042,14.76,261.911,4781.353,NA,3.441,2.775,17744.501,NA
"915","Netherlands","1989",0.042,14.849,258.337,8559.309,NA,4.42,3.796,17397.692,NA
"916","Netherlands","1990",0.042,14.952,318.331,10675.65,NA,4.183,3.468,21290.86,NA
"917","Netherlands","1991",0.042,15.07,327.5,5623.819,NA,2.439,1.635,21732.231,NA
"918","Netherlands","1992",0.042,15.184,362.963,6186.518,NA,1.706,0.94,23904.037,NA
"919","Netherlands","1993",0.042,15.29,353.55,6380.304,NA,1.258,0.554,23122.411,NA
"920","Netherlands","1994",0.042,15.383,379.13,7126.515,NA,2.961,2.342,24646.314,NA
"921","Netherlands","1995",0.042,15.459,452.302,12206.171,NA,3.116,2.608,29258.134,NA
"922","Netherlands","1996",0.042,15.53,450.49,16604.371,NA,3.499,3.022,29006.809,NA
"923","Netherlands","1997",0.042,15.611,416.813,11033.361,NA,4.329,3.793,26700.537,NA
"924","Netherlands","1998",0.042,15.707,438.008,37618.899,NA,4.664,4.021,27885.808,NA
"925","Netherlands","1999",0.042,15.812,446.899,41167.756,NA,5.034,4.337,28263.097,NA
"926","Netherlands","2000",0.042,15.926,416.443,63118.802,NA,4.196,3.454,26149.411,NA
"927","Netherlands","2001",0.042,16.046,431.213,51979.627,NA,2.327,1.557,26873.276,NA
"928","Netherlands","2002",0.042,16.149,471.614,25457.149,NA,0.217,-0.42,29204.04,NA
"929","Netherlands","2003",0.042,16.225,578.792,20440.751,NA,0.156,-0.316,35672.207,NA
"930","Netherlands","2004",0.042,16.282,657.172,139818.465,NA,1.985,1.631,40362.395,29.8
"931","Netherlands","2005",0.042,16.32,685.093,209981.017,NA,2.051,1.813,41979.056,29
"932","Netherlands","2006",0.042,16.346,733.341,375135.934,NA,3.461,3.295,44863.351,30
"933","Netherlands","2007",0.042,16.382,847.482,734010.312,NA,3.773,3.547,51733.442,29.6
"934","Netherlands","2008",0.042,16.446,947.998,195192.184,NA,2.17,1.773,57644.48,29.3
"935","Netherlands","2009",0.042,16.53,868.077,95931.336,NA,-3.667,-4.161,52514.027,27.9
"936","Netherlands","2010",0.042,16.615,846.555,115729.82,NA,1.343,0.824,50950.034,27.8
"937","Netherlands","2011",0.042,16.693,904.086,331838.462,NA,1.551,1.079,54159.347,27.7
"938","Netherlands","2012",0.042,16.755,838.971,239754.926,NA,-1.03,-1.396,50073.006,27.6
"939","Netherlands","2013",0.042,16.804,876.924,328683.687,NA,-0.13,-0.424,52184.062,28.1
"940","Netherlands","2014",0.042,16.865,890.981,117584.898,NA,1.423,1.059,52830.174,28.6
"941","Netherlands","2015",0.042,16.94,765.265,320734.667,NA,1.959,1.508,45175.232,28.2
"942","Netherlands","2016",0.042,17.03,783.528,241603.487,NA,2.192,1.649,46007.853,NA
"943","Netherlands","2017",0.042,17.131,831.81,96249.43,NA,2.911,2.304,48554.992,NA
"944","Netherlands","2018",0.042,17.231,913.658,-239270.347,NA,2.597,2.004,53024.059,NA
"945","Russian Federation","1960",NA,119.897,NA,NA,NA,NA,NA,NA,NA
"946","Russian Federation","1961",17.098,121.236,NA,NA,NA,NA,NA,NA,NA
"947","Russian Federation","1962",17.098,122.591,NA,NA,NA,NA,NA,NA,NA
"948","Russian Federation","1963",17.098,123.96,NA,NA,NA,NA,NA,NA,NA
"949","Russian Federation","1964",17.098,125.345,NA,NA,NA,NA,NA,NA,NA
"950","Russian Federation","1965",17.098,126.745,NA,NA,NA,NA,NA,NA,NA
"951","Russian Federation","1966",17.098,127.468,NA,NA,NA,NA,NA,NA,NA
"952","Russian Federation","1967",17.098,128.196,NA,NA,NA,NA,NA,NA,NA
"953","Russian Federation","1968",17.098,128.928,NA,NA,NA,NA,NA,NA,NA
"954","Russian Federation","1969",17.098,129.664,NA,NA,NA,NA,NA,NA,NA
"955","Russian Federation","1970",17.098,130.404,NA,NA,NA,NA,NA,NA,NA
"956","Russian Federation","1971",17.098,131.155,NA,NA,NA,NA,NA,NA,NA
"957","Russian Federation","1972",17.098,131.909,NA,NA,NA,NA,NA,NA,NA
"958","Russian Federation","1973",17.098,132.669,NA,NA,NA,NA,NA,NA,NA
"959","Russian Federation","1974",17.098,133.432,NA,NA,NA,NA,NA,NA,NA
"960","Russian Federation","1975",17.098,134.2,NA,NA,NA,NA,NA,NA,NA
"961","Russian Federation","1976",17.098,135.147,NA,NA,NA,NA,NA,NA,NA
"962","Russian Federation","1977",17.098,136.1,NA,NA,NA,NA,NA,NA,NA
"963","Russian Federation","1978",17.098,137.06,NA,NA,NA,NA,NA,NA,NA
"964","Russian Federation","1979",17.098,138.027,NA,NA,NA,NA,NA,NA,NA
"965","Russian Federation","1980",17.098,139.01,NA,NA,NA,NA,NA,NA,NA
"966","Russian Federation","1981",17.098,139.941,NA,NA,NA,NA,NA,NA,NA
"967","Russian Federation","1982",17.098,140.823,NA,NA,NA,NA,NA,NA,NA
"968","Russian Federation","1983",17.098,141.668,NA,NA,NA,NA,NA,NA,NA
"969","Russian Federation","1984",17.098,142.745,NA,NA,NA,NA,NA,NA,NA
"970","Russian Federation","1985",17.098,143.858,NA,NA,NA,NA,NA,NA,NA
"971","Russian Federation","1986",17.098,144.894,NA,NA,NA,NA,NA,NA,NA
"972","Russian Federation","1987",17.098,145.908,NA,NA,NA,NA,NA,NA,NA
"973","Russian Federation","1988",17.098,146.857,554.713,NA,NA,NA,NA,3777.235,NA
"974","Russian Federation","1989",17.098,147.721,506.5,NA,NA,NA,NA,3428.762,NA
"975","Russian Federation","1990",17.098,148.292,516.814,NA,NA,-3,-3.373,3485.112,NA
"976","Russian Federation","1991",17.098,148.624,517.963,NA,NA,-5.047,-5.259,3485.056,NA
"977","Russian Federation","1992",17.098,148.689,460.291,1161,NA,-14.531,-14.568,3095.66,NA
"978","Russian Federation","1993",17.098,148.52,435.084,1211,NA,-8.669,-8.565,2929.462,48.4
"979","Russian Federation","1994",17.098,148.336,395.077,690,NA,-12.57,-12.461,2663.395,NA
"980","Russian Federation","1995",17.098,148.376,395.537,2065,NA,-4.144,-4.169,2665.781,NA
"981","Russian Federation","1996",17.098,148.16,391.725,2579,NA,-3.755,-3.615,2643.931,46.1
"982","Russian Federation","1997",17.098,147.915,404.929,4864.643,NA,1.4,1.568,2737.573,38.4
"983","Russian Federation","1998",17.098,147.671,270.955,2761.26,NA,-5.3,-5.143,1834.863,38.1
"984","Russian Federation","1999",17.098,147.214,195.907,3309.43,NA,6.4,6.73,1330.761,37.4
"985","Russian Federation","2000",17.098,146.597,259.71,2678.03,NA,10,10.464,1771.598,37.1
"986","Russian Federation","2001",17.098,145.976,306.602,2847.3,NA,5.1,5.547,2100.358,36.9
"987","Russian Federation","2002",17.098,145.306,345.47,3473.83,33.756,4.7,5.183,2377.537,37.3
"988","Russian Federation","2003",17.098,144.648,430.348,7928.63,38.535,7.3,7.788,2975.133,40
"989","Russian Federation","2004",17.098,144.067,591.017,15402.99,33.735,7.2,7.632,4102.372,40.3
"990","Russian Federation","2005",17.098,143.519,764.017,15508.05,36.135,6.4,6.807,5323.474,41.3
"991","Russian Federation","2006",17.098,143.05,989.931,37594.77,40.389,8.2,8.555,6920.194,41
"992","Russian Federation","2007",17.098,142.805,1299.706,55873.68,41.098,8.5,8.686,9101.257,42.3
"993","Russian Federation","2008",17.098,142.742,1660.846,74782.91,14.129,5.2,5.246,11635.274,41.6
"994","Russian Federation","2009",17.098,142.785,1222.644,36583.1,17.316,-7.8,-7.828,8562.814,39.8
"995","Russian Federation","2010",17.098,142.849,1524.917,43167.78,24.51,4.5,4.453,10674.997,39.5
"996","Russian Federation","2011",17.098,142.961,2051.662,55083.63,19.585,4.3,4.219,14351.212,39.7
"997","Russian Federation","2012",17.098,143.202,2210.257,50587.56,13.058,3.7,3.526,15434.575,40.7
"998","Russian Federation","2013",17.098,143.507,2297.128,69218.89,16.031,1.8,1.583,16007.09,40.9
"999","Russian Federation","2014",17.098,143.82,2059.984,22031.34,14.828,0.7,-1.081,14100.729,39.9
"1000","Russian Federation","2015",17.098,144.097,1363.594,6852.97,19.717,-2.308,-2.518,9313.788,37.7
"1001","Russian Federation","2016",17.098,144.342,1282.724,32538.9,-0.909,0.329,0.146,8745.375,NA
"1002","Russian Federation","2017",17.098,144.497,1578.624,28557.44,7.394,1.63,1.515,10750.587,NA
"1003","Russian Federation","2018",17.098,144.478,1657.554,8784.85,12.319,2.255,2.262,11288.872,NA
"1004","Saudi Arabia","1960",NA,4.087,NA,NA,NA,NA,NA,NA,NA
"1005","Saudi Arabia","1961",2.15,4.219,NA,NA,9.019,NA,NA,NA,NA
"1006","Saudi Arabia","1962",2.15,4.363,NA,NA,11.182,NA,NA,NA,NA
"1007","Saudi Arabia","1963",2.15,4.517,NA,NA,20.687,NA,NA,NA,NA
"1008","Saudi Arabia","1964",2.15,4.677,NA,NA,8.401,NA,NA,NA,NA
"1009","Saudi Arabia","1965",2.15,4.844,NA,NA,11.75,NA,NA,NA,NA
"1010","Saudi Arabia","1966",2.15,5.015,NA,NA,18.456,NA,NA,NA,NA
"1011","Saudi Arabia","1967",2.15,5.195,NA,NA,14.259,NA,NA,NA,NA
"1012","Saudi Arabia","1968",2.15,5.388,4.188,NA,15.711,NA,NA,777.266,NA
"1013","Saudi Arabia","1969",2.15,5.6,4.486,NA,5.903,6.038,2.022,801.045,NA
"1014","Saudi Arabia","1970",2.15,5.836,5.377,7.36,6.009,58.647,52.219,921.346,NA
"1015","Saudi Arabia","1971",2.15,6.101,7.185,-111.437,14.063,20.512,15.292,1177.724,NA
"1016","Saudi Arabia","1972",2.15,6.393,9.664,33.778,40.605,22.931,17.309,1511.685,NA
"1017","Saudi Arabia","1973",2.15,6.712,14.947,-625.912,35.071,24.171,18.27,2226.991,NA
"1018","Saudi Arabia","1974",2.15,7.055,45.413,-3732.394,43.549,16.228,10.583,6437.416,NA
"1019","Saudi Arabia","1975",2.15,7.419,46.773,1864.901,81.886,-8.929,-13.408,6304.119,NA
"1020","Saudi Arabia","1976",2.15,7.803,64.006,-396.601,66.529,17.821,12.031,8202.777,NA
"1021","Saudi Arabia","1977",2.15,8.208,74.188,782.964,53.863,7.093,1.812,9038.863,NA
"1022","Saudi Arabia","1978",2.15,8.647,80.266,555.954,27.384,-5.22,-10.033,9282.648,NA
"1023","Saudi Arabia","1979",2.15,9.138,111.86,-1270.517,13.698,11.919,5.905,12241.253,NA
"1024","Saudi Arabia","1980",2.15,9.691,164.542,-3192.313,17.36,5.652,-0.382,16977.985,NA
"1025","Saudi Arabia","1981",2.15,10.312,184.292,6498.136,32.999,1.943,-4.189,17871.976,NA
"1026","Saudi Arabia","1982",2.15,10.989,153.239,11128.384,20.196,-20.73,-25.614,13944.951,NA
"1027","Saudi Arabia","1983",2.15,11.701,129.172,4943.905,10.742,-16.051,-21.162,11039.246,NA
"1028","Saudi Arabia","1984",2.15,12.419,119.625,4849.863,6.023,-4.661,-10.171,9632.535,NA
"1029","Saudi Arabia","1985",2.15,13.119,103.898,491.423,1.142,-9.795,-14.609,7919.651,NA
"1030","Saudi Arabia","1986",2.15,13.794,86.962,965.936,9.219,17.013,11.285,6304.254,NA
"1031","Saudi Arabia","1987",2.15,14.446,85.696,-1173.333,4.114,-6.632,-10.843,5932.287,NA
"1032","Saudi Arabia","1988",2.15,15.07,88.256,-328,6.416,13.109,8.423,5856.377,NA
"1033","Saudi Arabia","1989",2.15,15.666,95.344,-653.333,0.873,-0.503,-4.29,6085.96,NA
"1034","Saudi Arabia","1990",2.15,16.234,117.63,1861.333,4.582,15.193,11.167,7246.016,NA
"1035","Saudi Arabia","1991",2.15,16.773,132.223,160,14.554,15.008,11.313,7883.246,NA
"1036","Saudi Arabia","1992",2.15,17.283,137.088,-78.933,2.055,3.988,0.919,7932.091,NA
"1037","Saudi Arabia","1993",2.15,17.763,132.968,1367.2,3.381,-1.364,-4.032,7485.541,NA
"1038","Saudi Arabia","1994",2.15,18.214,135.175,349.333,2.986,0.559,-1.932,7421.291,NA
"1039","Saudi Arabia","1995",2.15,18.639,143.343,-1874.667,3.357,0.212,-2.069,7690.578,NA
"1040","Saudi Arabia","1996",2.15,19.034,158.662,-1127.467,7.257,2.637,0.507,8335.804,NA
"1041","Saudi Arabia","1997",2.15,19.407,165.964,3039.467,5.21,1.104,-0.841,8551.674,NA
"1042","Saudi Arabia","1998",2.15,19.783,146.775,4283.467,3.631,2.893,0.937,7419.16,NA
"1043","Saudi Arabia","1999",2.15,20.195,161.717,-778.933,6.834,-3.763,-5.723,8007.96,NA
"1044","Saudi Arabia","2000",2.15,20.664,189.515,-1881.067,4.466,5.625,3.226,9171.33,NA
"1045","Saudi Arabia","2001",2.15,21.203,184.137,19.64,5.087,-1.211,-3.721,8684.647,NA
"1046","Saudi Arabia","2002",2.15,21.805,189.606,-614.133,15.198,-2.819,-5.505,8695.4,NA
"1047","Saudi Arabia","2003",2.15,22.457,215.808,-586.507,8.492,11.242,8.016,9609.967,NA
"1048","Saudi Arabia","2004",2.15,23.133,258.742,-334.32,17.252,7.958,4.803,11185.133,NA
"1049","Saudi Arabia","2005",2.15,23.816,328.46,12106.75,13.241,5.574,2.544,13791.446,NA
"1050","Saudi Arabia","2006",2.15,24.498,376.9,18317.597,20.408,2.788,-0.074,15384.74,NA
"1051","Saudi Arabia","2007",2.15,25.185,415.965,24333.812,20.141,1.847,-0.928,16516.624,NA
"1052","Saudi Arabia","2008",2.15,25.889,519.797,39455.864,17.96,6.25,3.361,20078.258,NA
"1053","Saudi Arabia","2009",2.15,26.63,429.098,36457.667,10.81,-2.059,-4.787,16113.142,NA
"1054","Saudi Arabia","2010",2.15,27.421,528.207,29232.707,5.172,5.039,2.009,19262.548,NA
"1055","Saudi Arabia","2011",2.15,28.268,671.239,16308.28,13.26,9.997,6.704,23745.802,NA
"1056","Saudi Arabia","2012",2.15,29.155,735.975,12182.373,16.489,5.411,2.203,25243.359,NA
"1057","Saudi Arabia","2013",2.15,30.053,746.647,8864.693,8.352,2.699,-0.367,24844.744,NA
"1058","Saudi Arabia","2014",2.15,30.917,756.35,8011.787,11.823,3.652,0.754,24463.903,NA
"1059","Saudi Arabia","2015",2.15,31.718,654.27,8141.027,2.905,4.106,1.478,20627.933,NA
"1060","Saudi Arabia","2016",2.15,32.443,644.936,7452.533,0.548,1.671,-0.601,19879.298,NA
"1061","Saudi Arabia","2017",2.15,33.099,688.586,1418.844,0.151,-0.742,-2.71,20803.743,NA
"1062","Saudi Arabia","2018",2.15,33.7,782.483,4247.085,NA,2.215,0.393,23219.13,NA
"1063","Turkey","1960",NA,27.472,13.995,NA,NA,NA,NA,509.424,NA
"1064","Turkey","1961",0.785,28.147,7.989,NA,9.69,1.156,-1.268,283.828,NA
"1065","Turkey","1962",0.785,28.833,8.922,NA,9.29,5.571,3.06,309.447,NA
"1066","Turkey","1963",0.785,29.531,10.356,NA,13.333,9.066,6.486,350.663,NA
"1067","Turkey","1964",0.785,30.244,11.178,NA,17.868,5.459,2.973,369.583,NA
"1068","Turkey","1965",0.785,30.973,11.967,NA,18.84,2.824,0.404,386.358,NA
"1069","Turkey","1966",0.785,31.718,14.1,NA,23.045,11.213,8.602,444.549,NA
"1070","Turkey","1967",0.785,32.478,15.644,NA,15.657,4.733,2.28,481.694,NA
"1071","Turkey","1968",0.785,33.256,17.5,NA,15.197,6.778,4.279,526.213,NA
"1072","Turkey","1969",0.785,34.055,19.467,NA,17.035,4.081,1.639,571.618,NA
"1073","Turkey","1970",0.785,34.876,17.087,NA,21.896,3.234,0.804,489.93,NA
"1074","Turkey","1971",0.785,35.721,16.257,NA,28.131,5.567,3.072,455.105,NA
"1075","Turkey","1972",0.785,36.587,20.431,NA,26.027,7.426,4.881,558.421,NA
"1076","Turkey","1973",0.785,37.472,25.724,NA,28.422,3.262,0.823,686.49,NA
"1077","Turkey","1974",0.785,38.37,35.6,64,25.665,5.594,3.123,927.799,NA
"1078","Turkey","1975",0.785,39.277,44.634,114,28.01,7.174,4.699,1136.375,NA
"1079","Turkey","1976",0.785,40.19,51.28,10,23.43,10.461,7.954,1275.956,NA
"1080","Turkey","1977",0.785,41.108,58.677,27,33.8,3.407,1.096,1427.372,NA
"1081","Turkey","1978",0.785,42.04,65.147,34,36.531,1.503,-0.747,1549.644,NA
"1082","Turkey","1979",0.785,42.994,89.394,75,61.725,-0.624,-2.829,2079.22,NA
"1083","Turkey","1980",0.785,43.976,68.789,18,74.044,-2.447,-4.626,1564.247,NA
"1084","Turkey","1981",0.785,44.988,71.04,95,88.365,4.857,2.497,1579.074,NA
"1085","Turkey","1982",0.785,46.025,64.546,55,51.144,3.563,1.23,1402.406,NA
"1086","Turkey","1983",0.785,47.073,61.678,46,29.713,4.971,2.634,1310.256,NA
"1087","Turkey","1984",0.785,48.114,59.99,113,58.705,6.712,4.404,1246.825,NA
"1088","Turkey","1985",0.785,49.134,67.235,99,55.183,4.241,2.078,1368.401,NA
"1089","Turkey","1986",0.785,50.129,75.728,125,66.089,7.012,4.889,1510.677,NA
"1090","Turkey","1987",0.785,51.101,87.173,115,53.321,9.486,7.402,1705.895,43.5
"1091","Turkey","1988",0.785,52.054,90.853,354,65.064,2.321,0.448,1745.365,NA
"1092","Turkey","1989",0.785,52.992,107.143,663,69.037,0.29,-1.486,2021.859,NA
"1093","Turkey","1990",0.785,53.922,150.676,684,53.078,9.266,7.383,2794.35,NA
"1094","Turkey","1991",0.785,54.841,150.028,810,82.93,0.72,-0.967,2735.708,NA
"1095","Turkey","1992",0.785,55.749,158.459,844,78.141,5.036,3.324,2842.37,NA
"1096","Turkey","1993",0.785,56.654,180.17,636,64.222,7.651,5.932,3180.188,NA
"1097","Turkey","1994",0.785,57.564,130.69,608,144.797,-4.668,-6.176,2270.338,41.3
"1098","Turkey","1995",0.785,58.486,169.486,885,104.19,7.878,6.177,2897.866,NA
"1099","Turkey","1996",0.785,59.423,181.476,722,116.54,7.38,5.687,3053.947,NA
"1100","Turkey","1997",0.785,60.373,189.835,805,97.796,7.578,5.886,3144.386,NA
"1101","Turkey","1998",0.785,61.33,275.769,940,89.317,2.308,0.712,4496.497,NA
"1102","Turkey","1999",0.785,62.287,255.884,783,101.991,-3.389,-4.875,4108.123,NA
"1103","Turkey","2000",0.785,63.24,272.979,982,40.658,6.64,5.033,4316.549,NA
"1104","Turkey","2001",0.785,64.192,200.252,3352,90.368,-5.962,-7.357,3119.566,NA
"1105","Turkey","2002",0.785,65.145,238.428,1082,27.885,6.43,4.873,3659.94,41.4
"1106","Turkey","2003",0.785,66.089,311.823,1702,14.437,5.608,4.1,4718.2,42.2
"1107","Turkey","2004",0.785,67.011,404.787,2785,20.792,9.644,8.137,6040.608,41.3
"1108","Turkey","2005",0.785,67.903,501.416,10031,35.967,9.01,7.577,7384.252,42.6
"1109","Turkey","2006",0.785,68.757,552.487,20185,22.174,7.11,5.78,8035.377,39.6
"1110","Turkey","2007",0.785,69.582,675.77,22047,15.226,5.03,3.785,9711.874,38.4
"1111","Turkey","2008",0.785,70.419,764.336,19851,24.824,0.845,-0.353,10854.172,39
"1112","Turkey","2009",0.785,71.321,644.64,8585,12.659,-4.704,-5.911,9038.52,39
"1113","Turkey","2010",0.785,72.327,771.902,9099,18.547,8.487,6.979,10672.389,38.8
"1114","Turkey","2011",0.785,73.444,832.524,16182,15.204,11.113,9.424,11335.511,40
"1115","Turkey","2012",0.785,74.653,873.982,13744,10.422,4.79,3.093,11707.26,40.2
"1116","Turkey","2013",0.785,75.929,950.579,13563,21.153,8.491,6.669,12519.391,40.2
"1117","Turkey","2014",0.785,77.232,934.186,13337,11.183,5.167,3.392,12095.855,41.2
"1118","Turkey","2015",0.785,78.529,859.797,19274,16.515,6.086,4.333,10948.725,42.9
"1119","Turkey","2016",0.785,79.822,863.722,13950,17.649,3.184,1.513,10820.634,41.9
"1120","Turkey","2017",0.785,81.102,851.549,11546,16.352,7.441,5.745,10499.746,NA
"1121","Turkey","2018",0.785,82.32,766.509,13044,18.38,2.567,1.049,9311.366,NA
"1122","United States","1960",NA,180.671,543.3,NA,NA,NA,NA,3007.123,NA
"1123","United States","1961",9.629,183.691,563.3,NA,8.195,2.3,0.618,3066.563,NA
"1124","United States","1962",9.629,186.538,605.1,NA,8.934,6.1,4.481,3243.843,NA
"1125","United States","1963",9.629,189.242,638.6,NA,9.317,4.4,2.908,3374.515,NA
"1126","United States","1964",9.629,191.889,685.8,NA,9.032,5.8,4.341,3573.941,NA
"1127","United States","1965",9.629,194.303,743.7,NA,8.622,6.4,5.078,3827.527,NA
"1128","United States","1966",9.629,196.56,815,NA,4.72,6.5,5.277,4146.317,NA
"1129","United States","1967",9.629,198.712,861.7,NA,10.278,2.5,1.39,4336.427,NA
"1130","United States","1968",9.629,200.706,942.5,NA,8.779,4.8,3.759,4695.923,NA
"1131","United States","1969",9.629,202.677,1019.9,NA,0.958,3.1,2.097,5032.145,NA
"1132","United States","1970",9.629,205.052,1073.303,1260,11.185,-0.254,-1.409,5234.297,NA
"1133","United States","1971",9.629,207.661,1164.85,870,13.955,3.293,1.996,5609.383,NA
"1134","United States","1972",9.629,209.896,1279.11,1350,13.59,5.259,4.138,6094.018,NA
"1135","United States","1973",9.629,211.909,1425.376,2120,10.176,5.646,4.642,6726.359,NA
"1136","United States","1974",9.629,213.854,1545.243,3330,7.851,-0.541,-1.445,7225.691,NA
"1137","United States","1975",9.629,215.973,1684.904,2560,10.178,-0.205,-1.185,7801.457,NA
"1138","United States","1976",9.629,218.035,1873.412,3250,10.208,5.388,4.391,8592.254,NA
"1139","United States","1977",9.629,220.239,2081.826,2900,12.035,4.624,3.577,9452.577,NA
"1140","United States","1978",9.629,222.585,2351.599,5850,11.271,5.535,4.423,10564.948,NA
"1141","United States","1979",9.629,225.055,2627.334,8700,9.792,3.166,2.034,11674.186,34.6
"1142","United States","1980",9.629,227.225,2857.307,16930,10.679,-0.257,-1.209,12574.792,NA
"1143","United States","1981",9.629,229.466,3207.042,25190,12.064,2.538,1.536,13976.11,NA
"1144","United States","1982",9.629,231.664,3343.789,12474,10.032,-1.803,-2.735,14433.788,NA
"1145","United States","1983",9.629,233.792,3634.038,10470,8.271,4.584,3.632,15543.894,NA
"1146","United States","1984",9.629,235.825,4037.613,24760,12.533,7.237,6.312,17121.225,NA
"1147","United States","1985",9.629,237.924,4338.979,20010,8.293,4.17,3.251,18236.828,NA
"1148","United States","1986",9.629,240.133,4579.631,35419,9.375,3.463,2.511,19071.227,37.5
"1149","United States","1987",9.629,242.289,4855.215,58471,4.065,3.46,2.539,20038.941,NA
"1150","United States","1988",9.629,244.499,5236.438,57736,6.791,4.177,3.235,21417.012,NA
"1151","United States","1989",9.629,246.819,5641.58,68250,5.317,3.673,2.698,22857.154,NA
"1152","United States","1990",9.629,249.623,5963.144,48490,2.678,1.886,0.741,23888.6,NA
"1153","United States","1991",9.629,252.981,6158.129,23180,1.501,-0.108,-1.434,24342.259,38.2
"1154","United States","1992",9.629,256.514,6520.327,19810,-0.153,3.522,2.097,25418.991,NA
"1155","United States","1993",9.629,259.919,6858.559,51380,0.596,2.753,1.407,26387.294,NA
"1156","United States","1994",9.629,263.126,7287.236,46130,0.405,4.029,2.761,27694.853,40.2
"1157","United States","1995",9.629,266.278,7639.749,57800,6.869,2.684,1.469,28690.876,NA
"1158","United States","1996",9.629,269.394,8073.122,86520,7.865,3.773,2.572,29967.713,NA
"1159","United States","1997",9.629,272.657,8577.554,105590,8.003,4.447,3.197,31459.139,40.8
"1160","United States","1998",9.629,275.854,9062.818,179030,9.602,4.481,3.271,32853.677,NA
"1161","United States","1999",9.629,279.04,9630.664,289443,9.509,4.753,3.557,34513.562,NA
"1162","United States","2000",9.632,282.162,10252.345,350066,8.11,4.127,2.975,36334.909,40.4
"1163","United States","2001",9.632,284.969,10581.821,171471,7.933,0.998,0.004,37133.243,NA
"1164","United States","2002",9.632,287.625,10936.419,109466,4.452,1.742,0.802,38023.161,NA
"1165","United States","2003",9.632,290.108,11458.244,117106,4.404,2.861,1.981,39496.486,NA
"1166","United States","2004",9.632,292.805,12213.729,213641,5.742,3.799,2.843,41712.801,40.5
"1167","United States","2005",9.632,295.517,13036.64,142344,8.074,3.513,2.564,44114.748,NA
"1168","United States","2006",9.632,298.38,13814.611,298463,9.003,2.855,1.868,46298.731,NA
"1169","United States","2007",9.632,301.231,14451.859,346613,11.713,1.876,0.912,47975.968,41.1
"1170","United States","2008",9.832,304.094,14712.844,341092,8.175,-0.137,-1.077,48382.558,NA
"1171","United States","2009",9.832,306.772,14448.933,161083,5.513,-2.537,-3.387,47099.98,NA
"1172","United States","2010",9.832,309.326,14992.053,264039,-2.752,2.564,1.717,48466.823,40.4
"1173","United States","2011",9.832,311.58,15542.581,263497,6.683,1.551,0.816,49883.114,NA
"1174","United States","2012",9.832,313.874,16197.007,250345,4.902,2.25,1.502,51603.497,NA
"1175","United States","2013",9.832,316.058,16784.849,288131,4.501,1.842,1.138,53106.91,41
"1176","United States","2014",9.832,318.386,17521.747,251856,5.178,2.452,1.703,55032.958,NA
"1177","United States","2015",9.832,320.743,18219.298,509087,3.143,2.881,2.125,56803.472,NA
"1178","United States","2016",9.832,323.071,18707.188,494439,3.849,1.567,0.835,57904.202,41.5
"1179","United States","2017",9.832,325.147,19485.394,354649,4.802,2.217,1.564,59927.93,NA
"1180","United States","2018",9.832,327.167,20494.1,258390,4.074,2.857,2.222,62641.015,NA
